{
  "config": {
    "features": [
      {
        "feature": {
          "config": {
            "features": [
              {
                "feature": {
                  "config": {
                    "features": [
                      {
                        "feature": {
                          "config": {
                            "decorators": [],
                            "dirt_provider": {
                              "state": {
                                "Name": "minecraft:dirt"
                              },
                              "type": "minecraft:simple_state_provider"
                            },
                            "foliage_placer": {
                              "height": 1,
                              "offset": 0,
                              "radius": 2,
                              "type": "minecraft:blob_foliage_placer"
                            },
                            "foliage_provider": {
                              "state": {
                                "Name": "minecraft:acacia_log",
                                "Properties": {
                                  "axis": "y"
                                }
                              },
                              "type": "minecraft:simple_state_provider"
                            },
                            "force_dirt": false,
                            "ignore_vines": true,
                            "minimum_size": {
                              "limit": 1,
                              "lower_size": 1,
                              "upper_size": 1,
                              "type": "minecraft:two_layers_feature_size"
                            },
                            "trunk_placer": {
                              "base_height": 1,
                              "height_rand_a": 7,
                              "height_rand_b": 0,
                              "type": "minecraft:straight_trunk_placer"
                            },
                            "trunk_provider": {
                              "state": {
                                "Name": "minecraft:acacia_log",
                                "Properties": {
                                  "axis": "y"
                                }
                              },
                              "type": "minecraft:simple_state_provider"
                            }
                          },
                          "type": "minecraft:tree"
                        },
                        "placement": [
                          {
                            "count": 12,
                            "type": "minecraft:count"
                          }
                        ]
                      },
                      {
                        "feature": {
                          "config": {
                            "decorators": [],
                            "dirt_provider": {
                              "state": {
                                "Name": "minecraft:dirt"
                              },
                              "type": "minecraft:simple_state_provider"
                            },
                            "foliage_placer": {
                              "height": 6,
                              "offset": 0,
                              "radius": 1,
                              "type": "minecraft:fancy_foliage_placer"
                            },
                            "foliage_provider": {
                              "state": {
                                "Name": "minecraft:acacia_log",
                                "Properties": {
                                  "axis": "y"
                                }
                              },
                              "type": "minecraft:simple_state_provider"
                            },
                            "force_dirt": false,
                            "ignore_vines": true,
                            "minimum_size": {
                              "limit": 1,
                              "lower_size": 1,
                              "upper_size": 1,
                              "type": "minecraft:two_layers_feature_size"
                            },
                            "trunk_placer": {
                              "base_height": 6,
                              "height_rand_a": 4,
                              "height_rand_b": 4,
                              "type": "minecraft:straight_trunk_placer"
                            },
                            "trunk_provider": {
                              "state": {
                                "Name": "minecraft:acacia_log",
                                "Properties": {
                                  "axis": "y"
                                }
                              },
                              "type": "minecraft:simple_state_provider"
                            }
                          },
                          "type": "minecraft:tree"
                        },
                        "placement": []
                      }
                    ]
                  },
                  "type": "minecraft:simple_random_selector"
                },
                "placement": [
                  {
                    "predicate": {
                      "predicate": {
                        "type": "minecraft:solid"
                      },
                      "type": "minecraft:not"
                    },
                    "type": "minecraft:block_predicate_filter"
                  },
                  {
                    "count": 24,
                    "type": "minecraft:count"
                  }
                ]
              },
              {
                "feature": {
                  "config": {
                    "features": [
                      {
                        "feature": "arboria_saplings:baobab/branch/1_north",
                        "placement": []
                      },
                      {
                        "feature": "arboria_saplings:baobab/branch/1_south",
                        "placement": []
                      },
                      {
                        "feature": "arboria_saplings:baobab/branch/1_east",
                        "placement": []
                      },
                      {
                        "feature": "arboria_saplings:baobab/branch/1_west",
                        "placement": []
                      },
                      {
                        "feature": "arboria_saplings:baobab/branch/1_up",
                        "placement": []
                      }
                    ]
                  },
                  "type": "minecraft:simple_random_selector"
                },
                "placement": [
                  {
                    "predicate": {
                      "blocks": "minecraft:acacia_log",
                      "type": "minecraft:matching_blocks"
                    },
                    "type": "minecraft:block_predicate_filter"
                  },
                  {
                    "direction_of_search": "up",
                    "max_steps": 16,
                    "target_condition": {
                      "predicate": {
                        "blocks": "minecraft:acacia_log",
                        "type": "minecraft:matching_blocks"
                      },
                      "type": "minecraft:not"
                    },
                    "type": "minecraft:environment_scan"
                  },
                  {
                    "predicate": {
                      "predicates": [
                        {
                          "blocks": "minecraft:acacia_log",
                          "offset": [
                            1,
                            -2,
                            0
                          ],
                          "type": "minecraft:matching_blocks"
                        },
                        {
                          "blocks": "minecraft:acacia_log",
                          "offset": [
                            -1,
                            -2,
                            0
                          ],
                          "type": "minecraft:matching_blocks"
                        },
                        {
                          "predicate": {
                            "blocks": "minecraft:acacia_log",
                            "offset": [
                              0,
                              -1,
                              2
                            ],
                            "type": "minecraft:matching_blocks"
                          },
                          "type": "minecraft:not"
                        },
                        {
                          "predicate": {
                            "blocks": "minecraft:acacia_log",
                            "offset": [
                              0,
                              -2,
                              2
                            ],
                            "type": "minecraft:matching_blocks"
                          },
                          "type": "minecraft:not"
                        }
                      ],
                      "type": "minecraft:all_of"
                    },
                    "type": "minecraft:block_predicate_filter"
                  },
                  {
                    "count": 48,
                    "type": "minecraft:count"
                  }
                ]
              },
              {
                "feature": "arboria_saplings:baobab/roots/1",
                "placement": [
                  {
                    "predicate": {
                      "blocks": "minecraft:acacia_log",
                      "type": "minecraft:matching_blocks"
                    },
                    "type": "minecraft:block_predicate_filter"
                  }
                ]
              }
            ]
          },
          "type": "minecraft:simple_random_selector"
        },
        "placement": [
          {
            "predicate": {
              "state": {
                "Name": "minecraft:acacia_sapling",
                "Properties": {
                  "stage": "0"
                }
              },
              "type": "minecraft:would_survive"
            },
            "type": "minecraft:block_predicate_filter"
          },
          {
            "count": 48,
            "type": "minecraft:count"
          }
        ]
      }
    ]
  },
  "type": "minecraft:simple_random_selector"
}