{
  "config": {
    "features": [
      {
        "feature": {
          "config": {
            "features": [
              {
                "feature": {
                  "config": {
                    "features": [
                      {
                        "feature": {
                          "config": {
                            "decorators": [],
                            "dirt_provider": {
                              "state": {
                                "Name": "minecraft:dirt"
                              },
                              "type": "minecraft:simple_state_provider"
                            },
                            "foliage_placer": {
                              "height": 0,
                              "offset": 0,
                              "radius": 0,
                              "type": "minecraft:blob_foliage_placer"
                            },
                            "foliage_provider": {
                              "state": {
                                "Name": "minecraft:air"
                              },
                              "type": "minecraft:simple_state_provider"
                            },
                            "force_dirt": false,
                            "ignore_vines": true,
                            "minimum_size": {
                              "limit": 1,
                              "lower_size": 1,
                              "upper_size": 1,
                              "type": "minecraft:two_layers_feature_size"
                            },
                            "trunk_placer": {
                              "base_height": 10,
                              "height_rand_a": 3,
                              "height_rand_b": 1,
                              "type": "minecraft:giant_trunk_placer"
                            },
                            "trunk_provider": {
                              "state": {
                                "Name": "minecraft:acacia_log",
                                "Properties": {
                                  "axis": "y"
                                }
                              },
                              "type": "minecraft:simple_state_provider"
                            }
                          },
                          "type": "minecraft:tree"
                        },
                        "placement": [
                          {
                            "predicate": {
                              "predicate": {
                                "type": "minecraft:solid"
                              },
                              "type": "minecraft:not"
                            },
                            "type": "minecraft:block_predicate_filter"
                          }
                        ]
                      },
                      {
                        "feature": {
                          "config": {
                            "features": [
                              {
                                "feature": {
                                  "config": {
                                    "to_place": {
                                      "state": {
                                        "Name": "minecraft:air"
                                      },
                                      "type": "minecraft:simple_state_provider"
                                    }
                                  },
                                  "type": "minecraft:simple_block"
                                },
                                "placement": [
                                  {
                                    "predicate": {
                                      "blocks": "minecraft:acacia_log",
                                      "type": "minecraft:matching_blocks"
                                    },
                                    "type": "minecraft:block_predicate_filter"
                                  },
                                  {
                                    "predicate": {
                                      "blocks": "minecraft:acacia_log",
                                      "type": "minecraft:matching_blocks"
                                    },
                                    "type": "minecraft:block_predicate_filter"
                                  }
                                ]
                              },
                              {
                                "feature": "arboria_saplings:baobab/branch/2_ne",
                                "placement": []
                              },
                              {
                                "feature": "arboria_saplings:baobab/branch/2_nw",
                                "placement": []
                              },
                              {
                                "feature": "arboria_saplings:baobab/branch/2_se",
                                "placement": []
                              },
                              {
                                "feature": "arboria_saplings:baobab/branch/2_sw",
                                "placement": []
                              }
                            ]
                          },
                          "type": "minecraft:simple_random_selector"
                        },
                        "placement": [
                          {
                            "predicate": {
                              "blocks": "minecraft:acacia_log",
                              "type": "minecraft:matching_blocks"
                            },
                            "type": "minecraft:block_predicate_filter"
                          },
                          {
                            "direction_of_search": "up",
                            "max_steps": 20,
                            "target_condition": {
                              "predicate": {
                                "blocks": "minecraft:acacia_log",
                                "offset": [
                                  0,
                                  1,
                                  0
                                ],
                                "type": "minecraft:matching_blocks"
                              },
                              "type": "minecraft:not"
                            },
                            "type": "minecraft:environment_scan"
                          },
                          {
                            "predicate": {
                              "predicate": {
                                "blocks": "minecraft:acacia_log",
                                "offset": [
                                  -1,
                                  0,
                                  -1
                                ],
                                "type": "minecraft:matching_blocks"
                              },
                              "type": "minecraft:not"
                            },
                            "type": "minecraft:block_predicate_filter"
                          },
                          {
                            "count": 40,
                            "type": "minecraft:count"
                          }
                        ]
                      }
                    ]
                  },
                  "type": "minecraft:simple_random_selector"
                },
                "placement": [
                  {
                    "predicate": {
                      "predicate": {
                        "type": "minecraft:solid"
                      },
                      "type": "minecraft:not"
                    },
                    "type": "minecraft:block_predicate_filter"
                  },
                  {
                    "count": 28,
                    "type": "minecraft:count"
                  }
                ]
              },
              {
                "feature": "arboria_saplings:baobab/roots/2",
                "placement": [
                  {
                    "predicate": {
                      "blocks": "minecraft:acacia_log",
                      "type": "minecraft:matching_blocks"
                    },
                    "type": "minecraft:block_predicate_filter"
                  }
                ]
              }
            ]
          },
          "type": "minecraft:simple_random_selector"
        },
        "placement": [
          {
            "predicate": {
              "state": {
                "Name": "minecraft:acacia_sapling",
                "Properties": {
                  "stage": "0"
                }
              },
              "type": "minecraft:would_survive"
            },
            "type": "minecraft:block_predicate_filter"
          },
          {
            "count": 32,
            "type": "minecraft:count"
          }
        ]
      }
    ]
  },
  "type": "minecraft:simple_random_selector"
}