{
  "config": {
    "features": [
      {
        "feature": "arboria_saplings:sequoia/branch/1_east",
        "placement": []
      },
      {
        "feature": "arboria_saplings:sequoia/branch/1_south",
        "placement": []
      },
      {
        "feature": "arboria_saplings:sequoia/branch/1_west",
        "placement": []
      },
      {
        "feature": "arboria_saplings:sequoia/branch/1_north",
        "placement": []
      }
    ]
  },
  "type": "minecraft:simple_random_selector"
}