{
  "config": {
    "features": [
      {
        "feature": "arboria_saplings:sequoia/branch/4_east",
        "placement": []
      },
      {
        "feature": "arboria_saplings:sequoia/branch/4_south",
        "placement": []
      },
      {
        "feature": "arboria_saplings:sequoia/branch/4_west",
        "placement": []
      },
      {
        "feature": "arboria_saplings:sequoia/branch/4_north",
        "placement": []
      }
    ]
  },
  "type": "minecraft:simple_random_selector"
}