{
  "config": {
    "feature": {
      "feature": {
        "config": {
          "default": {
            "feature": {
              "config": {
                "to_place": {
                  "state": {
                    "Name": "minecraft:birch_wood",
                    "Properties": {
                      "axis": "y"
                    }
                  },
                  "type": "minecraft:simple_state_provider"
                }
              },
              "type": "minecraft:simple_block"
            },
            "placement": [
              {
                "predicate": {
                  "predicates": [
                    {
                      "type": "minecraft:replaceable"
                    },
                    {
                      "predicates": [
                        {
                          "blocks": "#arboria:dirt",
                          "offset": [
                            0,
                            -1,
                            0
                          ],
                          "type": "minecraft:matching_blocks"
                        },
                        {
                          "blocks": "minecraft:birch_wood",
                          "offset": [
                            0,
                            -1,
                            0
                          ],
                          "type": "minecraft:matching_blocks"
                        }
                      ],
                      "type": "minecraft:any_of"
                    }
                  ],
                  "type": "minecraft:all_of"
                },
                "type": "minecraft:block_predicate_filter"
              }
            ]
          },
          "features": [
            {
              "chance": 0.1,
              "feature": {
                "feature": {
                  "config": {
                    "to_place": {
                      "state": {
                        "Name": "minecraft:air"
                      },
                      "type": "minecraft:simple_state_provider"
                    }
                  },
                  "type": "minecraft:simple_block"
                },
                "placement": [
                  {
                    "xz_spread": 0,
                    "y_spread": 1,
                    "type": "minecraft:random_offset"
                  },
                  {
                    "predicate": {
                      "predicates": [
                        {
                          "blocks": [
                            "minecraft:air",
                            "minecraft:vine"
                          ],
                          "type": "minecraft:matching_blocks"
                        },
                        {
                          "blocks": "minecraft:birch_wood",
                          "offset": [
                            0,
                            -1,
                            0
                          ],
                          "type": "minecraft:matching_blocks"
                        }
                      ],
                      "type": "minecraft:all_of"
                    },
                    "type": "minecraft:block_predicate_filter"
                  }
                ]
              }
            }
          ]
        },
        "type": "minecraft:random_selector"
      },
      "placement": [
        {
          "predicate": {
            "predicates": [
              {
                "blocks": "minecraft:birch_log",
                "offset": [
                  1,
                  1,
                  0
                ],
                "type": "minecraft:matching_blocks"
              },
              {
                "blocks": "minecraft:birch_log",
                "offset": [
                  0,
                  1,
                  1
                ],
                "type": "minecraft:matching_blocks"
              },
              {
                "blocks": "minecraft:birch_log",
                "offset": [
                  -1,
                  1,
                  0
                ],
                "type": "minecraft:matching_blocks"
              },
              {
                "blocks": "minecraft:birch_log",
                "offset": [
                  0,
                  1,
                  -1
                ],
                "type": "minecraft:matching_blocks"
              }
            ],
            "type": "minecraft:any_of"
          },
          "type": "minecraft:block_predicate_filter"
        }
      ]
    },
    "tries": 4,
    "xz_spread": 1,
    "y_spread": 1
  },
  "type": "minecraft:random_patch"
}