{
  "config": {
    "features": [
      {
        "feature": "arboria_saplings:palm/branch/4_jungle_east",
        "placement": []
      },
      {
        "feature": "arboria_saplings:palm/branch/4_jungle_south",
        "placement": []
      },
      {
        "feature": "arboria_saplings:palm/branch/4_jungle_west",
        "placement": []
      },
      {
        "feature": "arboria_saplings:palm/branch/4_jungle_north",
        "placement": []
      }
    ]
  },
  "type": "minecraft:simple_random_selector"
}