{
  "config": {
    "features": [
      {
        "feature": {
          "config": {
            "decorators": [],
            "dirt_provider": {
              "state": {
                "Name": "minecraft:air"
              },
              "type": "minecraft:simple_state_provider"
            },
            "foliage_placer": {
              "height": 2,
              "offset": 1,
              "radius": 0,
              "type": "minecraft:fancy_foliage_placer"
            },
            "foliage_provider": {
              "state": {
                "Name": "minecraft:oak_leaves",
                "Properties": {
                  "distance": "2",
                  "persistent": "false",
                  "waterlogged": "false"
                }
              },
              "type": "minecraft:simple_state_provider"
            },
            "force_dirt": false,
            "ignore_vines": true,
            "minimum_size": {
              "limit": 2,
              "lower_size": 0,
              "upper_size": 0,
              "type": "minecraft:two_layers_feature_size"
            },
            "trunk_placer": {
              "base_height": 3,
              "height_rand_a": 0,
              "height_rand_b": 0,
              "type": "minecraft:straight_trunk_placer"
            },
            "trunk_provider": {
              "state": {
                "Name": "minecraft:stripped_oak_log",
                "Properties": {
                  "axis": "y"
                }
              },
              "type": "minecraft:simple_state_provider"
            }
          },
          "type": "minecraft:tree"
        },
        "placement": [
          {
            "predicate": {
              "blocks": "#arboria:tree_branch_replaceable",
              "type": "minecraft:matching_blocks"
            },
            "type": "minecraft:block_predicate_filter"
          }
        ]
      },
      {
        "feature": "arboria_saplings:palm/branch_set/2_oak",
        "placement": [
          {
            "predicate": {
              "blocks": "minecraft:stripped_oak_log",
              "type": "minecraft:matching_blocks"
            },
            "type": "minecraft:block_predicate_filter"
          },
          {
            "predicate": {
              "predicate": {
                "predicates": [
                  {
                    "blocks": "minecraft:oak_leaves",
                    "offset": [
                      1,
                      3,
                      0
                    ],
                    "type": "minecraft:matching_blocks"
                  },
                  {
                    "blocks": "minecraft:oak_leaves",
                    "offset": [
                      0,
                      3,
                      1
                    ],
                    "type": "minecraft:matching_blocks"
                  },
                  {
                    "blocks": "minecraft:oak_leaves",
                    "offset": [
                      -1,
                      3,
                      0
                    ],
                    "type": "minecraft:matching_blocks"
                  },
                  {
                    "blocks": "minecraft:oak_leaves",
                    "offset": [
                      0,
                      3,
                      -1
                    ],
                    "type": "minecraft:matching_blocks"
                  }
                ],
                "type": "minecraft:any_of"
              },
              "type": "minecraft:not"
            },
            "type": "minecraft:block_predicate_filter"
          },
          {
            "xz_spread": 0,
            "y_spread": 4,
            "type": "minecraft:random_offset"
          },
          {
            "count": 16,
            "type": "minecraft:count"
          }
        ]
      }
    ]
  },
  "type": "minecraft:simple_random_selector"
}