{
  "config": {
    "features": [
      {
        "feature": {
          "config": {
            "features": [
              {
                "feature": {
                  "config": {
                    "decorators": [],
                    "dirt_provider": {
                      "state": {
                        "Name": "minecraft:air"
                      },
                      "type": "minecraft:simple_state_provider"
                    },
                    "foliage_placer": {
                      "height": 0,
                      "offset": 0,
                      "radius": 0,
                      "type": "minecraft:fancy_foliage_placer"
                    },
                    "foliage_provider": {
                      "state": {
                        "Name": "minecraft:air"
                      },
                      "type": "minecraft:simple_state_provider"
                    },
                    "force_dirt": false,
                    "ignore_vines": true,
                    "minimum_size": {
                      "limit": 1,
                      "lower_size": 0,
                      "upper_size": 0,
                      "type": "minecraft:two_layers_feature_size"
                    },
                    "trunk_placer": {
                      "base_height": 2,
                      "height_rand_a": 0,
                      "height_rand_b": 0,
                      "type": "minecraft:straight_trunk_placer"
                    },
                    "trunk_provider": {
                      "state": {
                        "Name": "minecraft:jungle_leaves",
                        "Properties": {
                          "distance": "2",
                          "persistent": "false",
                          "waterlogged": "false"
                        }
                      },
                      "type": "minecraft:simple_state_provider"
                    }
                  },
                  "type": "minecraft:tree"
                },
                "placement": [
                  {
                    "predicate": {
                      "type": "minecraft:replaceable"
                    },
                    "type": "minecraft:block_predicate_filter"
                  }
                ]
              },
              {
                "feature": {
                  "config": {
                    "features": [
                      {
                        "feature": {
                          "config": {
                            "allowed_placement": {
                              "blocks": "#arboria:tree_branch_replaceable",
                              "type": "minecraft:matching_blocks"
                            },
                            "direction": "down",
                            "layers": [
                              {
                                "height": 2,
                                "provider": {
                                  "state": {
                                    "Name": "minecraft:jungle_leaves",
                                    "Properties": {
                                      "distance": "1",
                                      "persistent": "false",
                                      "waterlogged": "false"
                                    }
                                  },
                                  "type": "minecraft:simple_state_provider"
                                }
                              }
                            ],
                            "prioritize_tip": false
                          },
                          "type": "minecraft:block_column"
                        },
                        "placement": [
                          {
                            "predicate": {
                              "type": "minecraft:replaceable"
                            },
                            "type": "minecraft:block_predicate_filter"
                          }
                        ]
                      },
                      {
                        "feature": {
                          "config": {
                            "features": [
                              {
                                "feature": {
                                  "config": {
                                    "allowed_placement": {
                                      "blocks": "#arboria:tree_branch_replaceable",
                                      "type": "minecraft:matching_blocks"
                                    },
                                    "direction": "north",
                                    "layers": [
                                      {
                                        "height": 2,
                                        "provider": {
                                          "state": {
                                            "Name": "minecraft:jungle_leaves",
                                            "Properties": {
                                              "distance": "1",
                                              "persistent": "false",
                                              "waterlogged": "false"
                                            }
                                          },
                                          "type": "minecraft:simple_state_provider"
                                        }
                                      }
                                    ],
                                    "prioritize_tip": false
                                  },
                                  "type": "minecraft:block_column"
                                },
                                "placement": [
                                  {
                                    "predicate": {
                                      "offset": [
                                        0,
                                        0,
                                        -1
                                      ],
                                      "type": "minecraft:replaceable"
                                    },
                                    "type": "minecraft:block_predicate_filter"
                                  }
                                ]
                              },
                              {
                                "feature": {
                                  "config": {
                                    "to_place": {
                                      "state": {
                                        "Name": "minecraft:jungle_leaves",
                                        "Properties": {
                                          "distance": "1",
                                          "persistent": "false",
                                          "waterlogged": "false"
                                        }
                                      },
                                      "type": "minecraft:simple_state_provider"
                                    }
                                  },
                                  "type": "minecraft:simple_block"
                                },
                                "placement": [
                                  {
                                    "predicate": {
                                      "blocks": "minecraft:jungle_leaves",
                                      "offset": [
                                        0,
                                        0,
                                        -1
                                      ],
                                      "type": "minecraft:matching_blocks"
                                    },
                                    "type": "minecraft:block_predicate_filter"
                                  },
                                  {
                                    "count": 8,
                                    "type": "minecraft:count"
                                  },
                                  {
                                    "xz_spread": {
                                      "value": {
                                        "min_inclusive": -1,
                                        "max_inclusive": 0
                                      },
                                      "type": "minecraft:uniform"
                                    },
                                    "y_spread": -1,
                                    "type": "minecraft:random_offset"
                                  },
                                  {
                                    "predicate": {
                                      "predicates": [
                                        {
                                          "type": "minecraft:replaceable"
                                        },
                                        {
                                          "offset": [
                                            0,
                                            0,
                                            1
                                          ],
                                          "type": "minecraft:replaceable"
                                        },
                                        {
                                          "blocks": "minecraft:jungle_leaves",
                                          "offset": [
                                            0,
                                            1,
                                            0
                                          ],
                                          "type": "minecraft:matching_blocks"
                                        },
                                        {
                                          "blocks": "minecraft:jungle_leaves",
                                          "offset": [
                                            0,
                                            1,
                                            1
                                          ],
                                          "type": "minecraft:matching_blocks"
                                        }
                                      ],
                                      "type": "minecraft:all_of"
                                    },
                                    "type": "minecraft:block_predicate_filter"
                                  },
                                  {
                                    "count": 28,
                                    "type": "minecraft:count"
                                  }
                                ]
                              }
                            ]
                          },
                          "type": "minecraft:simple_random_selector"
                        },
                        "placement": [
                          {
                            "predicate": {
                              "blocks": "minecraft:jungle_leaves",
                              "type": "minecraft:matching_blocks"
                            },
                            "type": "minecraft:block_predicate_filter"
                          },
                          {
                            "count": 16,
                            "type": "minecraft:count"
                          },
                          {
                            "xz_spread": {
                              "value": {
                                "min_inclusive": -1,
                                "max_inclusive": 1
                              },
                              "type": "minecraft:uniform"
                            },
                            "y_spread": -1,
                            "type": "minecraft:random_offset"
                          },
                          {
                            "predicate": {
                              "predicates": [
                                {
                                  "offset": [
                                    0,
                                    0,
                                    -1
                                  ],
                                  "type": "minecraft:replaceable"
                                },
                                {
                                  "predicates": [
                                    {
                                      "blocks": "minecraft:jungle_leaves",
                                      "offset": [
                                        0,
                                        1,
                                        0
                                      ],
                                      "type": "minecraft:matching_blocks"
                                    },
                                    {
                                      "blocks": "minecraft:jungle_leaves",
                                      "offset": [
                                        1,
                                        1,
                                        0
                                      ],
                                      "type": "minecraft:matching_blocks"
                                    },
                                    {
                                      "blocks": "minecraft:jungle_leaves",
                                      "offset": [
                                        -1,
                                        1,
                                        0
                                      ],
                                      "type": "minecraft:matching_blocks"
                                    }
                                  ],
                                  "type": "minecraft:any_of"
                                },
                                {
                                  "predicates": [
                                    {
                                      "blocks": "minecraft:jungle_log",
                                      "offset": [
                                        0,
                                        0,
                                        2
                                      ],
                                      "type": "minecraft:matching_blocks"
                                    },
                                    {
                                      "blocks": "minecraft:jungle_log",
                                      "offset": [
                                        1,
                                        0,
                                        2
                                      ],
                                      "type": "minecraft:matching_blocks"
                                    },
                                    {
                                      "blocks": "minecraft:jungle_log",
                                      "offset": [
                                        -1,
                                        0,
                                        2
                                      ],
                                      "type": "minecraft:matching_blocks"
                                    }
                                  ],
                                  "type": "minecraft:any_of"
                                },
                                {
                                  "offset": [
                                    -2,
                                    0,
                                    -1
                                  ],
                                  "type": "minecraft:replaceable"
                                },
                                {
                                  "offset": [
                                    -1,
                                    0,
                                    -1
                                  ],
                                  "type": "minecraft:replaceable"
                                },
                                {
                                  "offset": [
                                    1,
                                    0,
                                    -1
                                  ],
                                  "type": "minecraft:replaceable"
                                },
                                {
                                  "offset": [
                                    2,
                                    0,
                                    -1
                                  ],
                                  "type": "minecraft:replaceable"
                                },
                                {
                                  "offset": [
                                    0,
                                    0,
                                    1
                                  ],
                                  "type": "minecraft:replaceable"
                                },
                                {
                                  "offset": [
                                    1,
                                    0,
                                    1
                                  ],
                                  "type": "minecraft:replaceable"
                                },
                                {
                                  "offset": [
                                    -1,
                                    0,
                                    1
                                  ],
                                  "type": "minecraft:replaceable"
                                }
                              ],
                              "type": "minecraft:all_of"
                            },
                            "type": "minecraft:block_predicate_filter"
                          },
                          {
                            "count": 28,
                            "type": "minecraft:count"
                          }
                        ]
                      }
                    ]
                  },
                  "type": "minecraft:simple_random_selector"
                },
                "placement": [
                  {
                    "predicate": {
                      "blocks": "minecraft:jungle_leaves",
                      "type": "minecraft:matching_blocks"
                    },
                    "type": "minecraft:block_predicate_filter"
                  },
                  {
                    "count": 8,
                    "type": "minecraft:count"
                  },
                  {
                    "xz_spread": {
                      "value": {
                        "min_inclusive": -1,
                        "max_inclusive": 0
                      },
                      "type": "minecraft:uniform"
                    },
                    "y_spread": 0,
                    "type": "minecraft:random_offset"
                  },
                  {
                    "predicate": {
                      "predicates": [
                        {
                          "type": "minecraft:replaceable"
                        },
                        {
                          "blocks": "minecraft:jungle_leaves",
                          "offset": [
                            0,
                            0,
                            1
                          ],
                          "type": "minecraft:matching_blocks"
                        },
                        {
                          "offset": [
                            0,
                            -1,
                            1
                          ],
                          "type": "minecraft:replaceable"
                        },
                        {
                          "offset": [
                            0,
                            1,
                            0
                          ],
                          "type": "minecraft:replaceable"
                        },
                        {
                          "blocks": "minecraft:jungle_log",
                          "offset": [
                            0,
                            0,
                            2
                          ],
                          "type": "minecraft:matching_blocks"
                        }
                      ],
                      "type": "minecraft:all_of"
                    },
                    "type": "minecraft:block_predicate_filter"
                  },
                  {
                    "count": 28,
                    "type": "minecraft:count"
                  }
                ]
              }
            ]
          },
          "type": "minecraft:simple_random_selector"
        },
        "placement": [
          {
            "count": 16,
            "type": "minecraft:count"
          },
          {
            "xz_spread": {
              "value": {
                "min_inclusive": -1,
                "max_inclusive": 0
              },
              "type": "minecraft:uniform"
            },
            "y_spread": -2,
            "type": "minecraft:random_offset"
          },
          {
            "predicate": {
              "predicates": [
                {
                  "type": "minecraft:replaceable"
                },
                {
                  "blocks": "minecraft:jungle_leaves",
                  "offset": [
                    0,
                    1,
                    1
                  ],
                  "type": "minecraft:matching_blocks"
                },
                {
                  "blocks": "minecraft:jungle_log",
                  "offset": [
                    0,
                    0,
                    1
                  ],
                  "type": "minecraft:matching_blocks"
                },
                {
                  "blocks": "minecraft:jungle_log",
                  "offset": [
                    0,
                    -2,
                    1
                  ],
                  "type": "minecraft:matching_blocks"
                }
              ],
              "type": "minecraft:all_of"
            },
            "type": "minecraft:block_predicate_filter"
          },
          {
            "count": 28,
            "type": "minecraft:count"
          }
        ]
      }
    ]
  },
  "type": "minecraft:simple_random_selector"
}