{
  "config": {
    "features": [
      {
        "feature": {
          "config": {
            "features": [
              {
                "feature": {
                  "config": {
                    "features": [
                      {
                        "feature": {
                          "config": {
                            "decorators": [],
                            "dirt_provider": {
                              "state": {
                                "Name": "minecraft:dirt"
                              },
                              "type": "minecraft:simple_state_provider"
                            },
                            "foliage_placer": {
                              "height": 7,
                              "offset": 2,
                              "radius": 1,
                              "type": "minecraft:fancy_foliage_placer"
                            },
                            "foliage_provider": {
                              "state": {
                                "Name": "minecraft:birch_leaves",
                                "Properties": {
                                  "distance": "1",
                                  "persistent": "false",
                                  "waterlogged": "false"
                                }
                              },
                              "type": "minecraft:simple_state_provider"
                            },
                            "force_dirt": false,
                            "ignore_vines": true,
                            "minimum_size": {
                              "limit": 1,
                              "lower_size": 0,
                              "upper_size": 0,
                              "type": "minecraft:two_layers_feature_size"
                            },
                            "trunk_placer": {
                              "base_height": 14,
                              "height_rand_a": 3,
                              "height_rand_b": 3,
                              "type": "minecraft:straight_trunk_placer"
                            },
                            "trunk_provider": {
                              "state": {
                                "Name": "minecraft:birch_log",
                                "Properties": {
                                  "axis": "y"
                                }
                              },
                              "type": "minecraft:simple_state_provider"
                            }
                          },
                          "type": "minecraft:tree"
                        },
                        "placement": []
                      },
                      {
                        "feature": {
                          "config": {
                            "decorators": [
                              {
                                "block_provider": {
                                  "state": {
                                    "Name": "minecraft:birch_leaves",
                                    "Properties": {
                                      "distance": "2",
                                      "persistent": "false",
                                      "waterlogged": "false"
                                    }
                                  },
                                  "type": "minecraft:simple_state_provider"
                                },
                                "directions": [
                                  "down"
                                ],
                                "exclusion_radius_xz": 0,
                                "exclusion_radius_y": 0,
                                "probability": 0.025,
                                "required_empty_blocks": 1,
                                "type": "minecraft:attached_to_leaves"
                              }
                            ],
                            "dirt_provider": {
                              "state": {
                                "Name": "minecraft:dirt"
                              },
                              "type": "minecraft:simple_state_provider"
                            },
                            "foliage_placer": {
                              "height": 1,
                              "offset": 0,
                              "radius": 2,
                              "type": "minecraft:blob_foliage_placer"
                            },
                            "foliage_provider": {
                              "state": {
                                "Name": "minecraft:birch_leaves",
                                "Properties": {
                                  "distance": "1",
                                  "persistent": "false",
                                  "waterlogged": "false"
                                }
                              },
                              "type": "minecraft:simple_state_provider"
                            },
                            "force_dirt": false,
                            "ignore_vines": true,
                            "minimum_size": {
                              "limit": 1,
                              "lower_size": 0,
                              "upper_size": 0,
                              "type": "minecraft:two_layers_feature_size"
                            },
                            "trunk_placer": {
                              "base_height": 12,
                              "height_rand_a": 4,
                              "height_rand_b": 2,
                              "type": "minecraft:straight_trunk_placer"
                            },
                            "trunk_provider": {
                              "state": {
                                "Name": "minecraft:birch_log",
                                "Properties": {
                                  "axis": "y"
                                }
                              },
                              "type": "minecraft:simple_state_provider"
                            }
                          },
                          "type": "minecraft:tree"
                        },
                        "placement": []
                      },
                      {
                        "feature": {
                          "config": {
                            "decorators": [
                              {
                                "block_provider": {
                                  "state": {
                                    "Name": "minecraft:birch_leaves",
                                    "Properties": {
                                      "distance": "2",
                                      "persistent": "false",
                                      "waterlogged": "false"
                                    }
                                  },
                                  "type": "minecraft:simple_state_provider"
                                },
                                "directions": [
                                  "down"
                                ],
                                "exclusion_radius_xz": 0,
                                "exclusion_radius_y": 0,
                                "probability": 0.1,
                                "required_empty_blocks": 1,
                                "type": "minecraft:attached_to_leaves"
                              }
                            ],
                            "dirt_provider": {
                              "state": {
                                "Name": "minecraft:dirt"
                              },
                              "type": "minecraft:simple_state_provider"
                            },
                            "foliage_placer": {
                              "height": 1,
                              "offset": 1,
                              "radius": 0,
                              "type": "minecraft:jungle_foliage_placer"
                            },
                            "foliage_provider": {
                              "state": {
                                "Name": "minecraft:birch_leaves",
                                "Properties": {
                                  "distance": "1",
                                  "persistent": "false",
                                  "waterlogged": "false"
                                }
                              },
                              "type": "minecraft:simple_state_provider"
                            },
                            "force_dirt": false,
                            "ignore_vines": true,
                            "minimum_size": {
                              "limit": 1,
                              "lower_size": 0,
                              "upper_size": 0,
                              "type": "minecraft:two_layers_feature_size"
                            },
                            "trunk_placer": {
                              "base_height": 13,
                              "height_rand_a": 0,
                              "height_rand_b": 5,
                              "type": "minecraft:straight_trunk_placer"
                            },
                            "trunk_provider": {
                              "state": {
                                "Name": "minecraft:birch_log",
                                "Properties": {
                                  "axis": "y"
                                }
                              },
                              "type": "minecraft:simple_state_provider"
                            }
                          },
                          "type": "minecraft:tree"
                        },
                        "placement": []
                      }
                    ]
                  },
                  "type": "minecraft:simple_random_selector"
                },
                "placement": [
                  {
                    "predicate": {
                      "type": "minecraft:replaceable"
                    },
                    "type": "minecraft:block_predicate_filter"
                  },
                  {
                    "count": 32,
                    "type": "minecraft:count"
                  }
                ]
              },
              {
                "feature": {
                  "config": {
                    "features": [
                      {
                        "feature": {
                          "config": {
                            "features": [
                              {
                                "feature": "arboria_saplings:birch/branch/1_east",
                                "placement": []
                              },
                              {
                                "feature": "arboria_saplings:birch/branch/1_south",
                                "placement": []
                              },
                              {
                                "feature": "arboria_saplings:birch/branch/1_west",
                                "placement": []
                              },
                              {
                                "feature": "arboria_saplings:birch/branch/1_north",
                                "placement": []
                              }
                            ]
                          },
                          "type": "minecraft:simple_random_selector"
                        },
                        "placement": [
                          {
                            "xz_spread": 0,
                            "y_spread": {
                              "value": {
                                "min_inclusive": 6,
                                "max_inclusive": 13
                              },
                              "type": "minecraft:uniform"
                            },
                            "type": "minecraft:random_offset"
                          }
                        ]
                      },
                      {
                        "feature": {
                          "config": {
                            "features": [
                              {
                                "feature": "arboria_saplings:birch/branch/3_east",
                                "placement": []
                              },
                              {
                                "feature": "arboria_saplings:birch/branch/3_south",
                                "placement": []
                              },
                              {
                                "feature": "arboria_saplings:birch/branch/3_west",
                                "placement": []
                              },
                              {
                                "feature": "arboria_saplings:birch/branch/3_north",
                                "placement": []
                              }
                            ]
                          },
                          "type": "minecraft:simple_random_selector"
                        },
                        "placement": [
                          {
                            "xz_spread": 0,
                            "y_spread": {
                              "value": {
                                "min_inclusive": 9,
                                "max_inclusive": 16
                              },
                              "type": "minecraft:uniform"
                            },
                            "type": "minecraft:random_offset"
                          }
                        ]
                      }
                    ]
                  },
                  "type": "minecraft:simple_random_selector"
                },
                "placement": [
                  {
                    "predicate": {
                      "blocks": "minecraft:birch_log",
                      "type": "minecraft:matching_blocks"
                    },
                    "type": "minecraft:block_predicate_filter"
                  },
                  {
                    "count": 3,
                    "type": "minecraft:count"
                  }
                ]
              },
              {
                "feature": "arboria_saplings:birch/roots/3",
                "placement": [
                  {
                    "predicate": {
                      "blocks": "minecraft:birch_log",
                      "type": "minecraft:matching_blocks"
                    },
                    "type": "minecraft:block_predicate_filter"
                  }
                ]
              }
            ]
          },
          "type": "minecraft:simple_random_selector"
        },
        "placement": [
          {
            "predicate": {
              "state": {
                "Name": "minecraft:birch_sapling",
                "Properties": {
                  "stage": "0"
                }
              },
              "type": "minecraft:would_survive"
            },
            "type": "minecraft:block_predicate_filter"
          },
          {
            "count": 48,
            "type": "minecraft:count"
          }
        ]
      }
    ]
  },
  "type": "minecraft:simple_random_selector"
}