{
  "config": {
    "features": [
      {
        "feature": {
          "config": {
            "features": [
              {
                "feature": {
                  "config": {
                    "decorators": [],
                    "dirt_provider": {
                      "state": {
                        "Name": "minecraft:dirt"
                      },
                      "type": "minecraft:simple_state_provider"
                    },
                    "foliage_placer": {
                      "offset": 0,
                      "radius": 0,
                      "type": "minecraft:acacia_foliage_placer"
                    },
                    "foliage_provider": {
                      "state": {
                        "Name": "minecraft:air"
                      },
                      "type": "minecraft:simple_state_provider"
                    },
                    "force_dirt": false,
                    "ignore_vines": true,
                    "minimum_size": {
                      "limit": 3,
                      "lower_size": 1,
                      "upper_size": 1,
                      "type": "minecraft:two_layers_feature_size"
                    },
                    "trunk_placer": {
                      "base_height": 4,
                      "height_rand_a": 2,
                      "height_rand_b": 0,
                      "type": "minecraft:giant_trunk_placer"
                    },
                    "trunk_provider": {
                      "state": {
                        "Name": "minecraft:cherry_log",
                        "Properties": {
                          "axis": "y"
                        }
                      },
                      "type": "minecraft:simple_state_provider"
                    }
                  },
                  "type": "minecraft:tree"
                },
                "placement": [
                  {
                    "predicate": {
                      "predicate": {
                        "type": "minecraft:solid"
                      },
                      "type": "minecraft:not"
                    },
                    "type": "minecraft:block_predicate_filter"
                  }
                ]
              },
              {
                "feature": {
                  "config": {
                    "features": [
                      {
                        "feature": {
                          "config": {
                            "decorators": [],
                            "dirt_provider": {
                              "state": {
                                "Name": "minecraft:cherry_log",
                                "Properties": {
                                  "axis": "y"
                                }
                              },
                              "type": "minecraft:simple_state_provider"
                            },
                            "foliage_placer": {
                              "corner_hole_chance": 0.3,
                              "hanging_leaves_chance": 0.3,
                              "hanging_leaves_extension_chance": 0.35,
                              "height": 5,
                              "offset": 0,
                              "radius": 4,
                              "wide_bottom_layer_hole_chance": 0.3,
                              "type": "minecraft:cherry_foliage_placer"
                            },
                            "foliage_provider": {
                              "state": {
                                "Name": "minecraft:cherry_leaves",
                                "Properties": {
                                  "distance": "1",
                                  "persistent": "false",
                                  "waterlogged": "false"
                                }
                              },
                              "type": "minecraft:simple_state_provider"
                            },
                            "force_dirt": false,
                            "ignore_vines": true,
                            "minimum_size": {
                              "limit": 1,
                              "lower_size": 1,
                              "upper_size": 1,
                              "type": "minecraft:two_layers_feature_size"
                            },
                            "trunk_placer": {
                              "base_height": 10,
                              "branch_count": 1,
                              "branch_end_offset_from_top": {
                                "value": {
                                  "min_inclusive": -2,
                                  "max_inclusive": 1
                                },
                                "type": "minecraft:uniform"
                              },
                              "branch_horizontal_length": {
                                "value": {
                                  "min_inclusive": 3,
                                  "max_inclusive": 5
                                },
                                "type": "minecraft:uniform"
                              },
                              "branch_start_offset_from_top": {
                                "min_inclusive": -7,
                                "max_inclusive": -4
                              },
                              "height_rand_a": 0,
                              "height_rand_b": 0,
                              "type": "minecraft:cherry_trunk_placer"
                            },
                            "trunk_provider": {
                              "state": {
                                "Name": "minecraft:cherry_log",
                                "Properties": {
                                  "axis": "y"
                                }
                              },
                              "type": "minecraft:simple_state_provider"
                            }
                          },
                          "type": "minecraft:tree"
                        },
                        "placement": [
                          {
                            "predicate": {
                              "predicate": {
                                "blocks": "minecraft:cherry_log",
                                "offset": [
                                  0,
                                  1,
                                  0
                                ],
                                "type": "minecraft:matching_blocks"
                              },
                              "type": "minecraft:not"
                            },
                            "type": "minecraft:block_predicate_filter"
                          },
                          {
                            "count": 64,
                            "type": "minecraft:count"
                          },
                          {
                            "xz_spread": {
                              "value": {
                                "min_inclusive": 0,
                                "max_inclusive": 1
                              },
                              "type": "minecraft:uniform"
                            },
                            "y_spread": 0,
                            "type": "minecraft:random_offset"
                          },
                          {
                            "predicate": {
                              "predicate": {
                                "blocks": "minecraft:cherry_log",
                                "offset": [
                                  0,
                                  1,
                                  0
                                ],
                                "type": "minecraft:matching_blocks"
                              },
                              "type": "minecraft:not"
                            },
                            "type": "minecraft:block_predicate_filter"
                          },
                          {
                            "count": 2,
                            "type": "minecraft:count"
                          }
                        ]
                      },
                      {
                        "feature": {
                          "config": {
                            "decorators": [],
                            "dirt_provider": {
                              "state": {
                                "Name": "minecraft:cherry_log",
                                "Properties": {
                                  "axis": "y"
                                }
                              },
                              "type": "minecraft:simple_state_provider"
                            },
                            "foliage_placer": {
                              "corner_hole_chance": 0.3,
                              "hanging_leaves_chance": 0.3,
                              "hanging_leaves_extension_chance": 0.35,
                              "height": 5,
                              "offset": 0,
                              "radius": 4,
                              "wide_bottom_layer_hole_chance": 0.3,
                              "type": "minecraft:cherry_foliage_placer"
                            },
                            "foliage_provider": {
                              "state": {
                                "Name": "minecraft:cherry_leaves",
                                "Properties": {
                                  "distance": "1",
                                  "persistent": "false",
                                  "waterlogged": "false"
                                }
                              },
                              "type": "minecraft:simple_state_provider"
                            },
                            "force_dirt": false,
                            "ignore_vines": true,
                            "minimum_size": {
                              "limit": 1,
                              "lower_size": 1,
                              "upper_size": 1,
                              "type": "minecraft:two_layers_feature_size"
                            },
                            "trunk_placer": {
                              "base_height": 12,
                              "height_rand_a": 0,
                              "height_rand_b": 0,
                              "type": "minecraft:dark_oak_trunk_placer"
                            },
                            "trunk_provider": {
                              "state": {
                                "Name": "minecraft:cherry_log",
                                "Properties": {
                                  "axis": "y"
                                }
                              },
                              "type": "minecraft:simple_state_provider"
                            }
                          },
                          "type": "minecraft:tree"
                        },
                        "placement": [
                          {
                            "predicate": {
                              "predicates": [
                                {
                                  "blocks": "minecraft:cherry_log",
                                  "offset": [
                                    0,
                                    1,
                                    0
                                  ],
                                  "type": "minecraft:matching_blocks"
                                },
                                {
                                  "predicate": {
                                    "predicates": [
                                      {
                                        "blocks": "minecraft:cherry_log",
                                        "offset": [
                                          0,
                                          10,
                                          0
                                        ],
                                        "type": "minecraft:matching_blocks"
                                      },
                                      {
                                        "blocks": "minecraft:cherry_log",
                                        "offset": [
                                          1,
                                          10,
                                          0
                                        ],
                                        "type": "minecraft:matching_blocks"
                                      },
                                      {
                                        "blocks": "minecraft:cherry_log",
                                        "offset": [
                                          0,
                                          10,
                                          1
                                        ],
                                        "type": "minecraft:matching_blocks"
                                      },
                                      {
                                        "blocks": "minecraft:cherry_log",
                                        "offset": [
                                          1,
                                          10,
                                          1
                                        ],
                                        "type": "minecraft:matching_blocks"
                                      }
                                    ],
                                    "type": "minecraft:all_of"
                                  },
                                  "type": "minecraft:not"
                                }
                              ],
                              "type": "minecraft:all_of"
                            },
                            "type": "minecraft:block_predicate_filter"
                          }
                        ]
                      }
                    ]
                  },
                  "type": "minecraft:simple_random_selector"
                },
                "placement": [
                  {
                    "predicate": {
                      "predicates": [
                        {
                          "blocks": "minecraft:cherry_log",
                          "type": "minecraft:matching_blocks"
                        },
                        {
                          "predicate": {
                            "blocks": "minecraft:cherry_log",
                            "offset": [
                              0,
                              8,
                              0
                            ],
                            "type": "minecraft:matching_blocks"
                          },
                          "type": "minecraft:not"
                        }
                      ],
                      "type": "minecraft:all_of"
                    },
                    "type": "minecraft:block_predicate_filter"
                  },
                  {
                    "direction_of_search": "up",
                    "max_steps": 8,
                    "target_condition": {
                      "predicate": {
                        "blocks": "minecraft:cherry_log",
                        "type": "minecraft:matching_blocks"
                      },
                      "type": "minecraft:not"
                    },
                    "type": "minecraft:environment_scan"
                  },
                  {
                    "count": 28,
                    "type": "minecraft:count"
                  }
                ]
              },
              {
                "feature": "arboria_saplings:cherry/roots/3",
                "placement": [
                  {
                    "predicate": {
                      "blocks": "minecraft:cherry_log",
                      "type": "minecraft:matching_blocks"
                    },
                    "type": "minecraft:block_predicate_filter"
                  }
                ]
              }
            ]
          },
          "type": "minecraft:simple_random_selector"
        },
        "placement": [
          {
            "predicate": {
              "state": {
                "Name": "minecraft:cherry_sapling",
                "Properties": {
                  "stage": "0"
                }
              },
              "type": "minecraft:would_survive"
            },
            "type": "minecraft:block_predicate_filter"
          },
          {
            "count": 48,
            "type": "minecraft:count"
          }
        ]
      }
    ]
  },
  "type": "minecraft:simple_random_selector"
}