{
  "config": {
    "features": [
      {
        "feature": {
          "config": {
            "features": [
              {
                "feature": {
                  "config": {
                    "features": [
                      {
                        "feature": {
                          "config": {
                            "features": [
                              {
                                "feature": {
                                  "config": {
                                    "decorators": [],
                                    "dirt_provider": {
                                      "state": {
                                        "Name": "minecraft:dirt"
                                      },
                                      "type": "minecraft:simple_state_provider"
                                    },
                                    "foliage_placer": {
                                      "height": 8,
                                      "offset": 0,
                                      "radius": 2,
                                      "type": "minecraft:fancy_foliage_placer"
                                    },
                                    "foliage_provider": {
                                      "state": {
                                        "Name": "minecraft:spruce_log",
                                        "Properties": {
                                          "axis": "y"
                                        }
                                      },
                                      "type": "minecraft:simple_state_provider"
                                    },
                                    "force_dirt": false,
                                    "ignore_vines": true,
                                    "minimum_size": {
                                      "limit": 3,
                                      "lower_size": 0,
                                      "upper_size": 0,
                                      "type": "minecraft:two_layers_feature_size"
                                    },
                                    "trunk_placer": {
                                      "base_height": 6,
                                      "height_rand_a": 0,
                                      "height_rand_b": 0,
                                      "type": "minecraft:straight_trunk_placer"
                                    },
                                    "trunk_provider": {
                                      "state": {
                                        "Name": "minecraft:spruce_log",
                                        "Properties": {
                                          "axis": "y"
                                        }
                                      },
                                      "type": "minecraft:simple_state_provider"
                                    }
                                  },
                                  "type": "minecraft:tree"
                                },
                                "placement": [
                                  {
                                    "predicate": {
                                      "predicate": {
                                        "type": "minecraft:solid"
                                      },
                                      "type": "minecraft:not"
                                    },
                                    "type": "minecraft:block_predicate_filter"
                                  }
                                ]
                              },
                              {
                                "feature": {
                                  "config": {
                                    "depth": 1,
                                    "extra_bottom_block_chance": 0.0,
                                    "extra_edge_column_chance": 0.0,
                                    "ground_state": {
                                      "state": {
                                        "Name": "minecraft:spruce_log",
                                        "Properties": {
                                          "axis": "y"
                                        }
                                      },
                                      "type": "minecraft:simple_state_provider"
                                    },
                                    "replaceable": "#arboria:old_taiga/spruce_stuff",
                                    "surface": "floor",
                                    "vegetation_chance": 1.0,
                                    "vegetation_feature": {
                                      "feature": {
                                        "config": {
                                          "allowed_placement": {
                                            "blocks": "#arboria:tree_branch_replaceable",
                                            "type": "minecraft:matching_blocks"
                                          },
                                          "direction": "up",
                                          "layers": [
                                            {
                                              "height": 11,
                                              "provider": {
                                                "state": {
                                                  "Name": "minecraft:spruce_log",
                                                  "Properties": {
                                                    "axis": "y"
                                                  }
                                                },
                                                "type": "minecraft:simple_state_provider"
                                              }
                                            }
                                          ],
                                          "prioritize_tip": false
                                        },
                                        "type": "minecraft:block_column"
                                      },
                                      "placement": []
                                    },
                                    "vertical_range": 2,
                                    "xz_radius": 2
                                  },
                                  "type": "minecraft:vegetation_patch"
                                },
                                "placement": [
                                  {
                                    "predicate": {
                                      "predicates": [
                                        {
                                          "blocks": "minecraft:spruce_log",
                                          "type": "minecraft:matching_blocks"
                                        },
                                        {
                                          "offset": [
                                            0,
                                            10,
                                            0
                                          ],
                                          "type": "minecraft:replaceable"
                                        }
                                      ],
                                      "type": "minecraft:all_of"
                                    },
                                    "type": "minecraft:block_predicate_filter"
                                  },
                                  {
                                    "direction_of_search": "up",
                                    "max_steps": 8,
                                    "target_condition": {
                                      "blocks": "minecraft:air",
                                      "offset": [
                                        0,
                                        1,
                                        0
                                      ],
                                      "type": "minecraft:matching_blocks"
                                    },
                                    "type": "minecraft:environment_scan"
                                  }
                                ]
                              }
                            ]
                          },
                          "type": "minecraft:simple_random_selector"
                        },
                        "placement": [
                          {
                            "predicate": {
                              "predicate": {
                                "type": "minecraft:solid"
                              },
                              "type": "minecraft:not"
                            },
                            "type": "minecraft:block_predicate_filter"
                          },
                          {
                            "count": 28,
                            "type": "minecraft:count"
                          }
                        ]
                      },
                      {
                        "feature": {
                          "config": {
                            "features": [
                              {
                                "feature": {
                                  "config": {
                                    "features": [
                                      {
                                        "feature": {
                                          "config": {
                                            "depth": 1,
                                            "extra_bottom_block_chance": 0.0,
                                            "extra_edge_column_chance": 0.0,
                                            "ground_state": {
                                              "state": {
                                                "Name": "minecraft:spruce_log",
                                                "Properties": {
                                                  "axis": "y"
                                                }
                                              },
                                              "type": "minecraft:simple_state_provider"
                                            },
                                            "replaceable": "#arboria:old_taiga/spruce_stuff",
                                            "surface": "floor",
                                            "vegetation_chance": 1.0,
                                            "vegetation_feature": {
                                              "feature": {
                                                "config": {
                                                  "allowed_placement": {
                                                    "blocks": "#arboria:tree_branch_replaceable",
                                                    "type": "minecraft:matching_blocks"
                                                  },
                                                  "direction": "up",
                                                  "layers": [
                                                    {
                                                      "height": 14,
                                                      "provider": {
                                                        "state": {
                                                          "Name": "minecraft:spruce_log",
                                                          "Properties": {
                                                            "axis": "y"
                                                          }
                                                        },
                                                        "type": "minecraft:simple_state_provider"
                                                      }
                                                    }
                                                  ],
                                                  "prioritize_tip": false
                                                },
                                                "type": "minecraft:block_column"
                                              },
                                              "placement": [
                                                {
                                                  "predicate": {
                                                    "predicates": [
                                                      {
                                                        "predicates": [
                                                          {
                                                            "blocks": "minecraft:spruce_log",
                                                            "offset": [
                                                              1,
                                                              -2,
                                                              0
                                                            ],
                                                            "type": "minecraft:matching_blocks"
                                                          },
                                                          {
                                                            "blocks": "minecraft:spruce_log",
                                                            "offset": [
                                                              -1,
                                                              -2,
                                                              0
                                                            ],
                                                            "type": "minecraft:matching_blocks"
                                                          }
                                                        ],
                                                        "type": "minecraft:all_of"
                                                      },
                                                      {
                                                        "predicates": [
                                                          {
                                                            "blocks": "minecraft:spruce_log",
                                                            "offset": [
                                                              0,
                                                              -4,
                                                              1
                                                            ],
                                                            "type": "minecraft:matching_blocks"
                                                          },
                                                          {
                                                            "blocks": "minecraft:spruce_log",
                                                            "offset": [
                                                              0,
                                                              -4,
                                                              -1
                                                            ],
                                                            "type": "minecraft:matching_blocks"
                                                          }
                                                        ],
                                                        "type": "minecraft:all_of"
                                                      }
                                                    ],
                                                    "type": "minecraft:any_of"
                                                  },
                                                  "type": "minecraft:block_predicate_filter"
                                                }
                                              ]
                                            },
                                            "vertical_range": 2,
                                            "xz_radius": 2
                                          },
                                          "type": "minecraft:vegetation_patch"
                                        },
                                        "placement": [
                                          {
                                            "predicate": {
                                              "offset": [
                                                0,
                                                1,
                                                0
                                              ],
                                              "type": "minecraft:replaceable"
                                            },
                                            "type": "minecraft:block_predicate_filter"
                                          }
                                        ]
                                      },
                                      {
                                        "feature": {
                                          "config": {
                                            "features": [
                                              {
                                                "feature": "arboria_saplings:sequoia/branch_set/2",
                                                "placement": [
                                                  {
                                                    "count": 2,
                                                    "type": "minecraft:count"
                                                  },
                                                  {
                                                    "xz_spread": 0,
                                                    "y_spread": {
                                                      "value": {
                                                        "min_inclusive": 0,
                                                        "max_inclusive": 2
                                                      },
                                                      "type": "minecraft:uniform"
                                                    },
                                                    "type": "minecraft:random_offset"
                                                  }
                                                ]
                                              },
                                              {
                                                "feature": "arboria_saplings:sequoia/branch_set/3",
                                                "placement": [
                                                  {
                                                    "xz_spread": 0,
                                                    "y_spread": {
                                                      "value": {
                                                        "min_inclusive": 6,
                                                        "max_inclusive": 8
                                                      },
                                                      "type": "minecraft:uniform"
                                                    },
                                                    "type": "minecraft:random_offset"
                                                  }
                                                ]
                                              }
                                            ]
                                          },
                                          "type": "minecraft:simple_random_selector"
                                        },
                                        "placement": [
                                          {
                                            "predicate": {
                                              "blocks": "minecraft:spruce_log",
                                              "offset": [
                                                0,
                                                1,
                                                0
                                              ],
                                              "type": "minecraft:matching_blocks"
                                            },
                                            "type": "minecraft:block_predicate_filter"
                                          }
                                        ]
                                      }
                                    ]
                                  },
                                  "type": "minecraft:simple_random_selector"
                                },
                                "placement": [
                                  {
                                    "predicate": {
                                      "offset": [
                                        0,
                                        1,
                                        0
                                      ],
                                      "type": "minecraft:replaceable"
                                    },
                                    "type": "minecraft:block_predicate_filter"
                                  },
                                  {
                                    "count": 64,
                                    "type": "minecraft:count"
                                  }
                                ]
                              },
                              {
                                "feature": {
                                  "config": {
                                    "features": [
                                      {
                                        "feature": {
                                          "config": {
                                            "depth": 1,
                                            "extra_bottom_block_chance": 0.0,
                                            "extra_edge_column_chance": 0.0,
                                            "ground_state": {
                                              "state": {
                                                "Name": "minecraft:spruce_log",
                                                "Properties": {
                                                  "axis": "y"
                                                }
                                              },
                                              "type": "minecraft:simple_state_provider"
                                            },
                                            "replaceable": "#arboria:old_taiga/spruce_stuff",
                                            "surface": "floor",
                                            "vegetation_chance": 1.0,
                                            "vegetation_feature": {
                                              "feature": {
                                                "config": {
                                                  "allowed_placement": {
                                                    "blocks": "#arboria:tree_branch_replaceable",
                                                    "type": "minecraft:matching_blocks"
                                                  },
                                                  "direction": "up",
                                                  "layers": [
                                                    {
                                                      "height": {
                                                        "value": {
                                                          "min_inclusive": 20,
                                                          "max_inclusive": 21
                                                        },
                                                        "type": "minecraft:uniform"
                                                      },
                                                      "provider": {
                                                        "state": {
                                                          "Name": "minecraft:spruce_log",
                                                          "Properties": {
                                                            "axis": "y"
                                                          }
                                                        },
                                                        "type": "minecraft:simple_state_provider"
                                                      }
                                                    }
                                                  ],
                                                  "prioritize_tip": false
                                                },
                                                "type": "minecraft:block_column"
                                              },
                                              "placement": []
                                            },
                                            "vertical_range": 2,
                                            "xz_radius": 1
                                          },
                                          "type": "minecraft:vegetation_patch"
                                        },
                                        "placement": [
                                          {
                                            "predicate": {
                                              "offset": [
                                                0,
                                                1,
                                                0
                                              ],
                                              "type": "minecraft:replaceable"
                                            },
                                            "type": "minecraft:block_predicate_filter"
                                          }
                                        ]
                                      },
                                      {
                                        "feature": {
                                          "config": {
                                            "features": [
                                              {
                                                "feature": "arboria_saplings:sequoia/branch_set/3",
                                                "placement": [
                                                  {
                                                    "xz_spread": 0,
                                                    "y_spread": {
                                                      "value": {
                                                        "min_inclusive": -3,
                                                        "max_inclusive": -1
                                                      },
                                                      "type": "minecraft:uniform"
                                                    },
                                                    "type": "minecraft:random_offset"
                                                  }
                                                ]
                                              },
                                              {
                                                "feature": "arboria_saplings:sequoia/branch_set/4",
                                                "placement": [
                                                  {
                                                    "xz_spread": 0,
                                                    "y_spread": {
                                                      "value": {
                                                        "min_inclusive": 3,
                                                        "max_inclusive": 5
                                                      },
                                                      "type": "minecraft:uniform"
                                                    },
                                                    "type": "minecraft:random_offset"
                                                  }
                                                ]
                                              },
                                              {
                                                "feature": "arboria_saplings:sequoia/branch_set/4",
                                                "placement": [
                                                  {
                                                    "xz_spread": 0,
                                                    "y_spread": {
                                                      "value": {
                                                        "min_inclusive": 8,
                                                        "max_inclusive": 10
                                                      },
                                                      "type": "minecraft:uniform"
                                                    },
                                                    "type": "minecraft:random_offset"
                                                  }
                                                ]
                                              },
                                              {
                                                "feature": "arboria_saplings:sequoia/branch_set/5",
                                                "placement": [
                                                  {
                                                    "xz_spread": 0,
                                                    "y_spread": {
                                                      "value": {
                                                        "min_inclusive": 13,
                                                        "max_inclusive": 15
                                                      },
                                                      "type": "minecraft:uniform"
                                                    },
                                                    "type": "minecraft:random_offset"
                                                  }
                                                ]
                                              }
                                            ]
                                          },
                                          "type": "minecraft:simple_random_selector"
                                        },
                                        "placement": [
                                          {
                                            "predicate": {
                                              "blocks": "minecraft:spruce_log",
                                              "offset": [
                                                0,
                                                1,
                                                0
                                              ],
                                              "type": "minecraft:matching_blocks"
                                            },
                                            "type": "minecraft:block_predicate_filter"
                                          },
                                          {
                                            "count": 3,
                                            "type": "minecraft:count"
                                          }
                                        ]
                                      },
                                      {
                                        "feature": {
                                          "config": {
                                            "features": [
                                              {
                                                "feature": {
                                                  "config": {
                                                    "decorators": [],
                                                    "dirt_provider": {
                                                      "state": {
                                                        "Name": "minecraft:spruce_log",
                                                        "Properties": {
                                                          "axis": "y"
                                                        }
                                                      },
                                                      "type": "minecraft:simple_state_provider"
                                                    },
                                                    "foliage_placer": {
                                                      "height": 16,
                                                      "offset": 0,
                                                      "radius": 1,
                                                      "type": "minecraft:fancy_foliage_placer"
                                                    },
                                                    "foliage_provider": {
                                                      "state": {
                                                        "Name": "minecraft:spruce_log",
                                                        "Properties": {
                                                          "axis": "y"
                                                        }
                                                      },
                                                      "type": "minecraft:simple_state_provider"
                                                    },
                                                    "force_dirt": false,
                                                    "ignore_vines": true,
                                                    "minimum_size": {
                                                      "limit": 1,
                                                      "lower_size": 0,
                                                      "upper_size": 0,
                                                      "type": "minecraft:two_layers_feature_size"
                                                    },
                                                    "trunk_placer": {
                                                      "base_height": 10,
                                                      "height_rand_a": 1,
                                                      "height_rand_b": 0,
                                                      "type": "minecraft:straight_trunk_placer"
                                                    },
                                                    "trunk_provider": {
                                                      "state": {
                                                        "Name": "minecraft:spruce_log",
                                                        "Properties": {
                                                          "axis": "y"
                                                        }
                                                      },
                                                      "type": "minecraft:simple_state_provider"
                                                    }
                                                  },
                                                  "type": "minecraft:tree"
                                                },
                                                "placement": [
                                                  {
                                                    "predicate": {
                                                      "predicate": {
                                                        "blocks": "minecraft:spruce_log",
                                                        "offset": [
                                                          1,
                                                          4,
                                                          0
                                                        ],
                                                        "type": "minecraft:matching_blocks"
                                                      },
                                                      "type": "minecraft:not"
                                                    },
                                                    "type": "minecraft:block_predicate_filter"
                                                  }
                                                ]
                                              },
                                              {
                                                "feature": "arboria_saplings:sequoia/branch_set/5",
                                                "placement": [
                                                  {
                                                    "xz_spread": 0,
                                                    "y_spread": {
                                                      "value": {
                                                        "min_inclusive": -3,
                                                        "max_inclusive": -1
                                                      },
                                                      "type": "minecraft:uniform"
                                                    },
                                                    "type": "minecraft:random_offset"
                                                  }
                                                ]
                                              },
                                              {
                                                "feature": {
                                                  "config": {
                                                    "decorators": [
                                                      {
                                                        "block_provider": {
                                                          "state": {
                                                            "Name": "minecraft:spruce_leaves",
                                                            "Properties": {
                                                              "distance": "2",
                                                              "persistent": "false",
                                                              "waterlogged": "false"
                                                            }
                                                          },
                                                          "type": "minecraft:simple_state_provider"
                                                        },
                                                        "directions": [
                                                          "down"
                                                        ],
                                                        "exclusion_radius_xz": 0,
                                                        "exclusion_radius_y": 0,
                                                        "probability": 0.35,
                                                        "required_empty_blocks": 2,
                                                        "type": "minecraft:attached_to_leaves"
                                                      },
                                                      {
                                                        "block_provider": {
                                                          "state": {
                                                            "Name": "minecraft:spruce_leaves",
                                                            "Properties": {
                                                              "distance": "2",
                                                              "persistent": "false",
                                                              "waterlogged": "false"
                                                            }
                                                          },
                                                          "type": "minecraft:simple_state_provider"
                                                        },
                                                        "directions": [
                                                          "east"
                                                        ],
                                                        "exclusion_radius_xz": 0,
                                                        "exclusion_radius_y": 0,
                                                        "probability": 0.7,
                                                        "required_empty_blocks": 1,
                                                        "type": "minecraft:attached_to_leaves"
                                                      },
                                                      {
                                                        "block_provider": {
                                                          "state": {
                                                            "Name": "minecraft:spruce_leaves",
                                                            "Properties": {
                                                              "distance": "2",
                                                              "persistent": "false",
                                                              "waterlogged": "false"
                                                            }
                                                          },
                                                          "type": "minecraft:simple_state_provider"
                                                        },
                                                        "directions": [
                                                          "south"
                                                        ],
                                                        "exclusion_radius_xz": 0,
                                                        "exclusion_radius_y": 0,
                                                        "probability": 0.7,
                                                        "required_empty_blocks": 1,
                                                        "type": "minecraft:attached_to_leaves"
                                                      },
                                                      {
                                                        "block_provider": {
                                                          "state": {
                                                            "Name": "minecraft:spruce_leaves",
                                                            "Properties": {
                                                              "distance": "2",
                                                              "persistent": "false",
                                                              "waterlogged": "false"
                                                            }
                                                          },
                                                          "type": "minecraft:simple_state_provider"
                                                        },
                                                        "directions": [
                                                          "west"
                                                        ],
                                                        "exclusion_radius_xz": 0,
                                                        "exclusion_radius_y": 0,
                                                        "probability": 0.7,
                                                        "required_empty_blocks": 1,
                                                        "type": "minecraft:attached_to_leaves"
                                                      },
                                                      {
                                                        "block_provider": {
                                                          "state": {
                                                            "Name": "minecraft:spruce_leaves",
                                                            "Properties": {
                                                              "distance": "2",
                                                              "persistent": "false",
                                                              "waterlogged": "false"
                                                            }
                                                          },
                                                          "type": "minecraft:simple_state_provider"
                                                        },
                                                        "directions": [
                                                          "north"
                                                        ],
                                                        "exclusion_radius_xz": 0,
                                                        "exclusion_radius_y": 0,
                                                        "probability": 0.7,
                                                        "required_empty_blocks": 1,
                                                        "type": "minecraft:attached_to_leaves"
                                                      }
                                                    ],
                                                    "dirt_provider": {
                                                      "state": {
                                                        "Name": "minecraft:spruce_log",
                                                        "Properties": {
                                                          "axis": "y"
                                                        }
                                                      },
                                                      "type": "minecraft:simple_state_provider"
                                                    },
                                                    "foliage_placer": {
                                                      "crown_height": 6,
                                                      "offset": 2,
                                                      "radius": 2,
                                                      "type": "minecraft:mega_pine_foliage_placer"
                                                    },
                                                    "foliage_provider": {
                                                      "state": {
                                                        "Name": "minecraft:spruce_leaves",
                                                        "Properties": {
                                                          "distance": "1",
                                                          "persistent": "false",
                                                          "waterlogged": "false"
                                                        }
                                                      },
                                                      "type": "minecraft:simple_state_provider"
                                                    },
                                                    "force_dirt": false,
                                                    "ignore_vines": true,
                                                    "minimum_size": {
                                                      "limit": 0,
                                                      "lower_size": 0,
                                                      "upper_size": 0,
                                                      "type": "minecraft:two_layers_feature_size"
                                                    },
                                                    "trunk_placer": {
                                                      "base_height": 4,
                                                      "height_rand_a": 0,
                                                      "height_rand_b": 0,
                                                      "type": "minecraft:straight_trunk_placer"
                                                    },
                                                    "trunk_provider": {
                                                      "state": {
                                                        "Name": "minecraft:spruce_log",
                                                        "Properties": {
                                                          "axis": "y"
                                                        }
                                                      },
                                                      "type": "minecraft:simple_state_provider"
                                                    }
                                                  },
                                                  "type": "minecraft:tree"
                                                },
                                                "placement": [
                                                  {
                                                    "predicate": {
                                                      "predicate": {
                                                        "blocks": "minecraft:spruce_leaves",
                                                        "offset": [
                                                          3,
                                                          2,
                                                          0
                                                        ],
                                                        "type": "minecraft:matching_blocks"
                                                      },
                                                      "type": "minecraft:not"
                                                    },
                                                    "type": "minecraft:block_predicate_filter"
                                                  }
                                                ]
                                              },
                                              {
                                                "feature": {
                                                  "config": {
                                                    "decorators": [
                                                      {
                                                        "block_provider": {
                                                          "state": {
                                                            "Name": "minecraft:spruce_leaves",
                                                            "Properties": {
                                                              "distance": "2",
                                                              "persistent": "false",
                                                              "waterlogged": "false"
                                                            }
                                                          },
                                                          "type": "minecraft:simple_state_provider"
                                                        },
                                                        "directions": [
                                                          "down"
                                                        ],
                                                        "exclusion_radius_xz": 0,
                                                        "exclusion_radius_y": 0,
                                                        "probability": 0.35,
                                                        "required_empty_blocks": 1,
                                                        "type": "minecraft:attached_to_leaves"
                                                      },
                                                      {
                                                        "block_provider": {
                                                          "state": {
                                                            "Name": "minecraft:spruce_leaves",
                                                            "Properties": {
                                                              "distance": "2",
                                                              "persistent": "false",
                                                              "waterlogged": "false"
                                                            }
                                                          },
                                                          "type": "minecraft:simple_state_provider"
                                                        },
                                                        "directions": [
                                                          "east"
                                                        ],
                                                        "exclusion_radius_xz": 0,
                                                        "exclusion_radius_y": 0,
                                                        "probability": 0.75,
                                                        "required_empty_blocks": 1,
                                                        "type": "minecraft:attached_to_leaves"
                                                      },
                                                      {
                                                        "block_provider": {
                                                          "state": {
                                                            "Name": "minecraft:spruce_leaves",
                                                            "Properties": {
                                                              "distance": "2",
                                                              "persistent": "false",
                                                              "waterlogged": "false"
                                                            }
                                                          },
                                                          "type": "minecraft:simple_state_provider"
                                                        },
                                                        "directions": [
                                                          "south"
                                                        ],
                                                        "exclusion_radius_xz": 0,
                                                        "exclusion_radius_y": 0,
                                                        "probability": 0.75,
                                                        "required_empty_blocks": 1,
                                                        "type": "minecraft:attached_to_leaves"
                                                      },
                                                      {
                                                        "block_provider": {
                                                          "state": {
                                                            "Name": "minecraft:spruce_leaves",
                                                            "Properties": {
                                                              "distance": "2",
                                                              "persistent": "false",
                                                              "waterlogged": "false"
                                                            }
                                                          },
                                                          "type": "minecraft:simple_state_provider"
                                                        },
                                                        "directions": [
                                                          "west"
                                                        ],
                                                        "exclusion_radius_xz": 0,
                                                        "exclusion_radius_y": 0,
                                                        "probability": 0.75,
                                                        "required_empty_blocks": 1,
                                                        "type": "minecraft:attached_to_leaves"
                                                      },
                                                      {
                                                        "block_provider": {
                                                          "state": {
                                                            "Name": "minecraft:spruce_leaves",
                                                            "Properties": {
                                                              "distance": "2",
                                                              "persistent": "false",
                                                              "waterlogged": "false"
                                                            }
                                                          },
                                                          "type": "minecraft:simple_state_provider"
                                                        },
                                                        "directions": [
                                                          "north"
                                                        ],
                                                        "exclusion_radius_xz": 0,
                                                        "exclusion_radius_y": 0,
                                                        "probability": 0.75,
                                                        "required_empty_blocks": 1,
                                                        "type": "minecraft:attached_to_leaves"
                                                      }
                                                    ],
                                                    "dirt_provider": {
                                                      "state": {
                                                        "Name": "minecraft:spruce_log",
                                                        "Properties": {
                                                          "axis": "y"
                                                        }
                                                      },
                                                      "type": "minecraft:simple_state_provider"
                                                    },
                                                    "foliage_placer": {
                                                      "crown_height": 7,
                                                      "offset": 3,
                                                      "radius": 1,
                                                      "type": "minecraft:mega_pine_foliage_placer"
                                                    },
                                                    "foliage_provider": {
                                                      "state": {
                                                        "Name": "minecraft:spruce_leaves",
                                                        "Properties": {
                                                          "distance": "1",
                                                          "persistent": "false",
                                                          "waterlogged": "false"
                                                        }
                                                      },
                                                      "type": "minecraft:simple_state_provider"
                                                    },
                                                    "force_dirt": false,
                                                    "ignore_vines": true,
                                                    "minimum_size": {
                                                      "limit": 0,
                                                      "lower_size": 0,
                                                      "upper_size": 0,
                                                      "type": "minecraft:two_layers_feature_size"
                                                    },
                                                    "trunk_placer": {
                                                      "base_height": 12,
                                                      "height_rand_a": 0,
                                                      "height_rand_b": 0,
                                                      "type": "minecraft:straight_trunk_placer"
                                                    },
                                                    "trunk_provider": {
                                                      "state": {
                                                        "Name": "minecraft:spruce_log",
                                                        "Properties": {
                                                          "axis": "y"
                                                        }
                                                      },
                                                      "type": "minecraft:simple_state_provider"
                                                    }
                                                  },
                                                  "type": "minecraft:tree"
                                                },
                                                "placement": [
                                                  {
                                                    "predicate": {
                                                      "predicate": {
                                                        "blocks": "minecraft:spruce_leaves",
                                                        "offset": [
                                                          0,
                                                          13,
                                                          0
                                                        ],
                                                        "type": "minecraft:matching_blocks"
                                                      },
                                                      "type": "minecraft:not"
                                                    },
                                                    "type": "minecraft:block_predicate_filter"
                                                  }
                                                ]
                                              }
                                            ]
                                          },
                                          "type": "minecraft:simple_random_selector"
                                        },
                                        "placement": [
                                          {
                                            "predicate": {
                                              "blocks": "minecraft:spruce_log",
                                              "offset": [
                                                0,
                                                1,
                                                0
                                              ],
                                              "type": "minecraft:matching_blocks"
                                            },
                                            "type": "minecraft:block_predicate_filter"
                                          },
                                          {
                                            "xz_spread": 0,
                                            "y_spread": 10,
                                            "type": "minecraft:random_offset"
                                          },
                                          {
                                            "xz_spread": 0,
                                            "y_spread": 8,
                                            "type": "minecraft:random_offset"
                                          },
                                          {
                                            "direction_of_search": "up",
                                            "max_steps": 5,
                                            "target_condition": {
                                              "blocks": "minecraft:air",
                                              "offset": [
                                                0,
                                                1,
                                                0
                                              ],
                                              "type": "minecraft:matching_blocks"
                                            },
                                            "type": "minecraft:environment_scan"
                                          },
                                          {
                                            "count": 80,
                                            "type": "minecraft:count"
                                          }
                                        ]
                                      }
                                    ]
                                  },
                                  "type": "minecraft:simple_random_selector"
                                },
                                "placement": [
                                  {
                                    "predicate": {
                                      "blocks": "minecraft:spruce_log",
                                      "offset": [
                                        0,
                                        1,
                                        0
                                      ],
                                      "type": "minecraft:matching_blocks"
                                    },
                                    "type": "minecraft:block_predicate_filter"
                                  },
                                  {
                                    "xz_spread": 0,
                                    "y_spread": 13,
                                    "type": "minecraft:random_offset"
                                  },
                                  {
                                    "direction_of_search": "up",
                                    "max_steps": 3,
                                    "target_condition": {
                                      "blocks": "minecraft:air",
                                      "offset": [
                                        0,
                                        1,
                                        0
                                      ],
                                      "type": "minecraft:matching_blocks"
                                    },
                                    "type": "minecraft:environment_scan"
                                  },
                                  {
                                    "count": 104,
                                    "type": "minecraft:count"
                                  }
                                ]
                              }
                            ]
                          },
                          "type": "minecraft:simple_random_selector"
                        },
                        "placement": [
                          {
                            "predicate": {
                              "blocks": "minecraft:spruce_log",
                              "type": "minecraft:matching_blocks"
                            },
                            "type": "minecraft:block_predicate_filter"
                          },
                          {
                            "xz_spread": 0,
                            "y_spread": 12,
                            "type": "minecraft:random_offset"
                          },
                          {
                            "direction_of_search": "up",
                            "max_steps": 10,
                            "target_condition": {
                              "predicates": [
                                {
                                  "blocks": "minecraft:air",
                                  "offset": [
                                    0,
                                    1,
                                    0
                                  ],
                                  "type": "minecraft:matching_blocks"
                                },
                                {
                                  "blocks": "minecraft:spruce_log",
                                  "type": "minecraft:matching_blocks"
                                }
                              ],
                              "type": "minecraft:all_of"
                            },
                            "type": "minecraft:environment_scan"
                          },
                          {
                            "count": 28,
                            "type": "minecraft:count"
                          }
                        ]
                      }
                    ]
                  },
                  "type": "minecraft:simple_random_selector"
                },
                "placement": [
                  {
                    "predicate": {
                      "predicate": {
                        "type": "minecraft:solid"
                      },
                      "type": "minecraft:not"
                    },
                    "type": "minecraft:block_predicate_filter"
                  },
                  {
                    "count": 28,
                    "type": "minecraft:count"
                  }
                ]
              },
              {
                "feature": "arboria_saplings:sequoia/roots/3",
                "placement": [
                  {
                    "predicate": {
                      "blocks": "minecraft:spruce_log",
                      "type": "minecraft:matching_blocks"
                    },
                    "type": "minecraft:block_predicate_filter"
                  }
                ]
              }
            ]
          },
          "type": "minecraft:simple_random_selector"
        },
        "placement": [
          {
            "predicate": {
              "state": {
                "Name": "minecraft:spruce_sapling",
                "Properties": {
                  "stage": "0"
                }
              },
              "type": "minecraft:would_survive"
            },
            "type": "minecraft:block_predicate_filter"
          },
          {
            "count": 48,
            "type": "minecraft:count"
          }
        ]
      }
    ]
  },
  "type": "minecraft:simple_random_selector"
}