{
  "config": {
    "features": [
      {
        "feature": {
          "config": {
            "features": [
              {
                "feature": {
                  "config": {
                    "features": [
                      {
                        "feature": {
                          "config": {
                            "decorators": [],
                            "dirt_provider": {
                              "state": {
                                "Name": "minecraft:dirt"
                              },
                              "type": "minecraft:simple_state_provider"
                            },
                            "foliage_placer": {
                              "height": 1,
                              "offset": 0,
                              "radius": 2,
                              "type": "minecraft:blob_foliage_placer"
                            },
                            "foliage_provider": {
                              "state": {
                                "Name": "minecraft:birch_log",
                                "Properties": {
                                  "axis": "y"
                                }
                              },
                              "type": "minecraft:simple_state_provider"
                            },
                            "force_dirt": false,
                            "ignore_vines": true,
                            "minimum_size": {
                              "limit": 3,
                              "lower_size": 2,
                              "upper_size": 2,
                              "type": "minecraft:two_layers_feature_size"
                            },
                            "trunk_placer": {
                              "base_height": 1,
                              "height_rand_a": 5,
                              "height_rand_b": 0,
                              "type": "minecraft:straight_trunk_placer"
                            },
                            "trunk_provider": {
                              "state": {
                                "Name": "minecraft:birch_log",
                                "Properties": {
                                  "axis": "y"
                                }
                              },
                              "type": "minecraft:simple_state_provider"
                            }
                          },
                          "type": "minecraft:tree"
                        },
                        "placement": [
                          {
                            "predicate": {
                              "predicate": {
                                "type": "minecraft:solid"
                              },
                              "type": "minecraft:not"
                            },
                            "type": "minecraft:block_predicate_filter"
                          },
                          {
                            "count": 64,
                            "type": "minecraft:count"
                          }
                        ]
                      },
                      {
                        "feature": {
                          "config": {
                            "depth": 1,
                            "extra_bottom_block_chance": 0.0,
                            "extra_edge_column_chance": 0.0,
                            "ground_state": {
                              "state": {
                                "Name": "minecraft:birch_log",
                                "Properties": {
                                  "axis": "y"
                                }
                              },
                              "type": "minecraft:simple_state_provider"
                            },
                            "replaceable": "#arboria:birch_log",
                            "surface": "floor",
                            "vegetation_chance": 1.0,
                            "vegetation_feature": {
                              "feature": {
                                "config": {
                                  "default": {
                                    "feature": {
                                      "config": {
                                        "decorators": [
                                          {
                                            "block_provider": {
                                              "state": {
                                                "Name": "minecraft:birch_leaves",
                                                "Properties": {
                                                  "distance": "2",
                                                  "persistent": "false",
                                                  "waterlogged": "false"
                                                }
                                              },
                                              "type": "minecraft:simple_state_provider"
                                            },
                                            "directions": [
                                              "down"
                                            ],
                                            "exclusion_radius_xz": 0,
                                            "exclusion_radius_y": 0,
                                            "probability": 0.5,
                                            "required_empty_blocks": 1,
                                            "type": "minecraft:attached_to_leaves"
                                          },
                                          {
                                            "block_provider": {
                                              "state": {
                                                "Name": "minecraft:birch_leaves",
                                                "Properties": {
                                                  "distance": "2",
                                                  "persistent": "false",
                                                  "waterlogged": "false"
                                                }
                                              },
                                              "type": "minecraft:simple_state_provider"
                                            },
                                            "directions": [
                                              "east"
                                            ],
                                            "exclusion_radius_xz": 0,
                                            "exclusion_radius_y": 0,
                                            "probability": 0.5,
                                            "required_empty_blocks": 1,
                                            "type": "minecraft:attached_to_leaves"
                                          },
                                          {
                                            "block_provider": {
                                              "state": {
                                                "Name": "minecraft:birch_leaves",
                                                "Properties": {
                                                  "distance": "2",
                                                  "persistent": "false",
                                                  "waterlogged": "false"
                                                }
                                              },
                                              "type": "minecraft:simple_state_provider"
                                            },
                                            "directions": [
                                              "south"
                                            ],
                                            "exclusion_radius_xz": 0,
                                            "exclusion_radius_y": 0,
                                            "probability": 0.5,
                                            "required_empty_blocks": 1,
                                            "type": "minecraft:attached_to_leaves"
                                          },
                                          {
                                            "block_provider": {
                                              "state": {
                                                "Name": "minecraft:birch_leaves",
                                                "Properties": {
                                                  "distance": "2",
                                                  "persistent": "false",
                                                  "waterlogged": "false"
                                                }
                                              },
                                              "type": "minecraft:simple_state_provider"
                                            },
                                            "directions": [
                                              "west"
                                            ],
                                            "exclusion_radius_xz": 0,
                                            "exclusion_radius_y": 0,
                                            "probability": 0.5,
                                            "required_empty_blocks": 1,
                                            "type": "minecraft:attached_to_leaves"
                                          },
                                          {
                                            "block_provider": {
                                              "state": {
                                                "Name": "minecraft:birch_leaves",
                                                "Properties": {
                                                  "distance": "2",
                                                  "persistent": "false",
                                                  "waterlogged": "false"
                                                }
                                              },
                                              "type": "minecraft:simple_state_provider"
                                            },
                                            "directions": [
                                              "north"
                                            ],
                                            "exclusion_radius_xz": 0,
                                            "exclusion_radius_y": 0,
                                            "probability": 0.5,
                                            "required_empty_blocks": 1,
                                            "type": "minecraft:attached_to_leaves"
                                          },
                                          {
                                            "block_provider": {
                                              "state": {
                                                "Name": "minecraft:birch_leaves",
                                                "Properties": {
                                                  "distance": "2",
                                                  "persistent": "false",
                                                  "waterlogged": "false"
                                                }
                                              },
                                              "type": "minecraft:simple_state_provider"
                                            },
                                            "directions": [
                                              "up"
                                            ],
                                            "exclusion_radius_xz": 0,
                                            "exclusion_radius_y": 0,
                                            "probability": 0.5,
                                            "required_empty_blocks": 1,
                                            "type": "minecraft:attached_to_leaves"
                                          }
                                        ],
                                        "dirt_provider": {
                                          "state": {
                                            "Name": "minecraft:birch_log",
                                            "Properties": {
                                              "axis": "y"
                                            }
                                          },
                                          "type": "minecraft:simple_state_provider"
                                        },
                                        "foliage_placer": {
                                          "height": 3,
                                          "offset": 1,
                                          "radius": 2,
                                          "type": "minecraft:fancy_foliage_placer"
                                        },
                                        "foliage_provider": {
                                          "state": {
                                            "Name": "minecraft:birch_leaves",
                                            "Properties": {
                                              "distance": "1",
                                              "persistent": "false",
                                              "waterlogged": "false"
                                            }
                                          },
                                          "type": "minecraft:simple_state_provider"
                                        },
                                        "force_dirt": false,
                                        "ignore_vines": true,
                                        "minimum_size": {
                                          "limit": 1,
                                          "lower_size": 0,
                                          "upper_size": 0,
                                          "type": "minecraft:two_layers_feature_size"
                                        },
                                        "trunk_placer": {
                                          "base_height": 16,
                                          "bend_length": 1,
                                          "height_rand_a": 0,
                                          "height_rand_b": 0,
                                          "min_height_for_leaves": 15,
                                          "type": "minecraft:bending_trunk_placer"
                                        },
                                        "trunk_provider": {
                                          "state": {
                                            "Name": "minecraft:birch_log",
                                            "Properties": {
                                              "axis": "y"
                                            }
                                          },
                                          "type": "minecraft:simple_state_provider"
                                        }
                                      },
                                      "type": "minecraft:tree"
                                    },
                                    "placement": []
                                  },
                                  "features": [
                                    {
                                      "chance": 0.5,
                                      "feature": {
                                        "feature": {
                                          "config": {
                                            "decorators": [
                                              {
                                                "block_provider": {
                                                  "state": {
                                                    "Name": "minecraft:birch_leaves",
                                                    "Properties": {
                                                      "distance": "2",
                                                      "persistent": "false",
                                                      "waterlogged": "false"
                                                    }
                                                  },
                                                  "type": "minecraft:simple_state_provider"
                                                },
                                                "directions": [
                                                  "down"
                                                ],
                                                "exclusion_radius_xz": 0,
                                                "exclusion_radius_y": 0,
                                                "probability": 0.7,
                                                "required_empty_blocks": 1,
                                                "type": "minecraft:attached_to_leaves"
                                              },
                                              {
                                                "block_provider": {
                                                  "state": {
                                                    "Name": "minecraft:birch_leaves",
                                                    "Properties": {
                                                      "distance": "2",
                                                      "persistent": "false",
                                                      "waterlogged": "false"
                                                    }
                                                  },
                                                  "type": "minecraft:simple_state_provider"
                                                },
                                                "directions": [
                                                  "east"
                                                ],
                                                "exclusion_radius_xz": 0,
                                                "exclusion_radius_y": 0,
                                                "probability": 0.7,
                                                "required_empty_blocks": 1,
                                                "type": "minecraft:attached_to_leaves"
                                              },
                                              {
                                                "block_provider": {
                                                  "state": {
                                                    "Name": "minecraft:birch_leaves",
                                                    "Properties": {
                                                      "distance": "2",
                                                      "persistent": "false",
                                                      "waterlogged": "false"
                                                    }
                                                  },
                                                  "type": "minecraft:simple_state_provider"
                                                },
                                                "directions": [
                                                  "south"
                                                ],
                                                "exclusion_radius_xz": 0,
                                                "exclusion_radius_y": 0,
                                                "probability": 0.7,
                                                "required_empty_blocks": 1,
                                                "type": "minecraft:attached_to_leaves"
                                              },
                                              {
                                                "block_provider": {
                                                  "state": {
                                                    "Name": "minecraft:birch_leaves",
                                                    "Properties": {
                                                      "distance": "2",
                                                      "persistent": "false",
                                                      "waterlogged": "false"
                                                    }
                                                  },
                                                  "type": "minecraft:simple_state_provider"
                                                },
                                                "directions": [
                                                  "west"
                                                ],
                                                "exclusion_radius_xz": 0,
                                                "exclusion_radius_y": 0,
                                                "probability": 0.7,
                                                "required_empty_blocks": 1,
                                                "type": "minecraft:attached_to_leaves"
                                              },
                                              {
                                                "block_provider": {
                                                  "state": {
                                                    "Name": "minecraft:birch_leaves",
                                                    "Properties": {
                                                      "distance": "2",
                                                      "persistent": "false",
                                                      "waterlogged": "false"
                                                    }
                                                  },
                                                  "type": "minecraft:simple_state_provider"
                                                },
                                                "directions": [
                                                  "north"
                                                ],
                                                "exclusion_radius_xz": 0,
                                                "exclusion_radius_y": 0,
                                                "probability": 0.7,
                                                "required_empty_blocks": 1,
                                                "type": "minecraft:attached_to_leaves"
                                              },
                                              {
                                                "block_provider": {
                                                  "state": {
                                                    "Name": "minecraft:birch_leaves",
                                                    "Properties": {
                                                      "distance": "2",
                                                      "persistent": "false",
                                                      "waterlogged": "false"
                                                    }
                                                  },
                                                  "type": "minecraft:simple_state_provider"
                                                },
                                                "directions": [
                                                  "up"
                                                ],
                                                "exclusion_radius_xz": 0,
                                                "exclusion_radius_y": 0,
                                                "probability": 0.7,
                                                "required_empty_blocks": 1,
                                                "type": "minecraft:attached_to_leaves"
                                              }
                                            ],
                                            "dirt_provider": {
                                              "state": {
                                                "Name": "minecraft:birch_log",
                                                "Properties": {
                                                  "axis": "y"
                                                }
                                              },
                                              "type": "minecraft:simple_state_provider"
                                            },
                                            "foliage_placer": {
                                              "height": 3,
                                              "offset": 1,
                                              "radius": 2,
                                              "type": "minecraft:fancy_foliage_placer"
                                            },
                                            "foliage_provider": {
                                              "state": {
                                                "Name": "minecraft:birch_leaves",
                                                "Properties": {
                                                  "distance": "1",
                                                  "persistent": "false",
                                                  "waterlogged": "false"
                                                }
                                              },
                                              "type": "minecraft:simple_state_provider"
                                            },
                                            "force_dirt": false,
                                            "ignore_vines": true,
                                            "minimum_size": {
                                              "limit": 1,
                                              "lower_size": 0,
                                              "upper_size": 0,
                                              "type": "minecraft:two_layers_feature_size"
                                            },
                                            "trunk_placer": {
                                              "base_height": 16,
                                              "height_rand_a": 1,
                                              "height_rand_b": 0,
                                              "type": "minecraft:fancy_trunk_placer"
                                            },
                                            "trunk_provider": {
                                              "state": {
                                                "Name": "minecraft:birch_log",
                                                "Properties": {
                                                  "axis": "y"
                                                }
                                              },
                                              "type": "minecraft:simple_state_provider"
                                            }
                                          },
                                          "type": "minecraft:tree"
                                        },
                                        "placement": []
                                      }
                                    }
                                  ]
                                },
                                "type": "minecraft:random_selector"
                              },
                              "placement": []
                            },
                            "vertical_range": 1,
                            "xz_radius": 1
                          },
                          "type": "minecraft:vegetation_patch"
                        },
                        "placement": [
                          {
                            "predicate": {
                              "predicates": [
                                {
                                  "blocks": "minecraft:birch_log",
                                  "type": "minecraft:matching_blocks"
                                },
                                {
                                  "predicate": {
                                    "blocks": "minecraft:birch_log",
                                    "offset": [
                                      0,
                                      10,
                                      0
                                    ],
                                    "type": "minecraft:matching_blocks"
                                  },
                                  "type": "minecraft:not"
                                }
                              ],
                              "type": "minecraft:all_of"
                            },
                            "type": "minecraft:block_predicate_filter"
                          },
                          {
                            "direction_of_search": "up",
                            "max_steps": 10,
                            "target_condition": {
                              "blocks": "minecraft:air",
                              "offset": [
                                0,
                                1,
                                0
                              ],
                              "type": "minecraft:matching_blocks"
                            },
                            "type": "minecraft:environment_scan"
                          }
                        ]
                      }
                    ]
                  },
                  "type": "minecraft:simple_random_selector"
                },
                "placement": [
                  {
                    "predicate": {
                      "predicate": {
                        "type": "minecraft:solid"
                      },
                      "type": "minecraft:not"
                    },
                    "type": "minecraft:block_predicate_filter"
                  },
                  {
                    "count": 28,
                    "type": "minecraft:count"
                  }
                ]
              },
              {
                "feature": "arboria_saplings:big_birch/roots/2",
                "placement": [
                  {
                    "predicate": {
                      "blocks": "minecraft:birch_log",
                      "type": "minecraft:matching_blocks"
                    },
                    "type": "minecraft:block_predicate_filter"
                  }
                ]
              }
            ]
          },
          "type": "minecraft:simple_random_selector"
        },
        "placement": [
          {
            "predicate": {
              "state": {
                "Name": "minecraft:birch_sapling",
                "Properties": {
                  "stage": "0"
                }
              },
              "type": "minecraft:would_survive"
            },
            "type": "minecraft:block_predicate_filter"
          },
          {
            "count": 32,
            "type": "minecraft:count"
          }
        ]
      }
    ]
  },
  "type": "minecraft:simple_random_selector"
}