{
  "config": {
    "features": [
      {
        "feature": {
          "config": {
            "to_place": {
              "state": {
                "Name": "minecraft:oak_log",
                "Properties": {
                  "axis": "x"
                }
              },
              "type": "minecraft:simple_state_provider"
            }
          },
          "type": "minecraft:simple_block"
        },
        "placement": [
          {
            "xz_spread": {
              "value": {
                "min_inclusive": 0,
                "max_inclusive": 1
              },
              "type": "minecraft:uniform"
            },
            "y_spread": 0,
            "type": "minecraft:random_offset"
          },
          {
            "predicate": {
              "blocks": "minecraft:oak_log",
              "offset": [
                -1,
                -1,
                0
              ],
              "type": "minecraft:matching_blocks"
            },
            "type": "minecraft:block_predicate_filter"
          }
        ]
      },
      {
        "feature": {
          "config": {
            "to_place": {
              "state": {
                "Name": "minecraft:oak_log",
                "Properties": {
                  "axis": "z"
                }
              },
              "type": "minecraft:simple_state_provider"
            }
          },
          "type": "minecraft:simple_block"
        },
        "placement": [
          {
            "xz_spread": {
              "value": {
                "min_inclusive": 0,
                "max_inclusive": 1
              },
              "type": "minecraft:uniform"
            },
            "y_spread": 0,
            "type": "minecraft:random_offset"
          },
          {
            "predicate": {
              "blocks": "minecraft:oak_log",
              "offset": [
                0,
                -1,
                -1
              ],
              "type": "minecraft:matching_blocks"
            },
            "type": "minecraft:block_predicate_filter"
          }
        ]
      },
      {
        "feature": {
          "config": {
            "to_place": {
              "state": {
                "Name": "minecraft:oak_log",
                "Properties": {
                  "axis": "x"
                }
              },
              "type": "minecraft:simple_state_provider"
            }
          },
          "type": "minecraft:simple_block"
        },
        "placement": [
          {
            "xz_spread": {
              "value": {
                "min_inclusive": -1,
                "max_inclusive": 0
              },
              "type": "minecraft:uniform"
            },
            "y_spread": 0,
            "type": "minecraft:random_offset"
          },
          {
            "predicate": {
              "blocks": "minecraft:oak_log",
              "offset": [
                1,
                -1,
                0
              ],
              "type": "minecraft:matching_blocks"
            },
            "type": "minecraft:block_predicate_filter"
          }
        ]
      },
      {
        "feature": {
          "config": {
            "to_place": {
              "state": {
                "Name": "minecraft:oak_log",
                "Properties": {
                  "axis": "z"
                }
              },
              "type": "minecraft:simple_state_provider"
            }
          },
          "type": "minecraft:simple_block"
        },
        "placement": [
          {
            "xz_spread": {
              "value": {
                "min_inclusive": -1,
                "max_inclusive": 0
              },
              "type": "minecraft:uniform"
            },
            "y_spread": 0,
            "type": "minecraft:random_offset"
          },
          {
            "predicate": {
              "blocks": "minecraft:oak_log",
              "offset": [
                0,
                -1,
                1
              ],
              "type": "minecraft:matching_blocks"
            },
            "type": "minecraft:block_predicate_filter"
          }
        ]
      }
    ]
  },
  "type": "minecraft:simple_random_selector"
}