{
  "config": {
    "features": [
      {
        "feature": {
          "config": {
            "features": [
              {
                "feature": {
                  "config": {
                    "decorators": [
                      {
                        "block_provider": {
                          "state": {
                            "Name": "minecraft:spruce_leaves",
                            "Properties": {
                              "distance": "2",
                              "persistent": "false",
                              "waterlogged": "false"
                            }
                          },
                          "type": "minecraft:simple_state_provider"
                        },
                        "directions": [
                          "down"
                        ],
                        "exclusion_radius_xz": 0,
                        "exclusion_radius_y": 0,
                        "probability": 0.3,
                        "required_empty_blocks": 2,
                        "type": "minecraft:attached_to_leaves"
                      }
                    ],
                    "dirt_provider": {
                      "state": {
                        "Name": "minecraft:dirt"
                      },
                      "type": "minecraft:simple_state_provider"
                    },
                    "foliage_placer": {
                      "crown_height": {
                        "value": {
                          "min_inclusive": 13,
                          "max_inclusive": 14
                        },
                        "type": "minecraft:uniform"
                      },
                      "offset": {
                        "value": {
                          "min_inclusive": 2,
                          "max_inclusive": 3
                        },
                        "type": "minecraft:uniform"
                      },
                      "radius": 1,
                      "type": "minecraft:mega_pine_foliage_placer"
                    },
                    "foliage_provider": {
                      "state": {
                        "Name": "minecraft:spruce_leaves",
                        "Properties": {
                          "distance": "1",
                          "persistent": "false",
                          "waterlogged": "false"
                        }
                      },
                      "type": "minecraft:simple_state_provider"
                    },
                    "force_dirt": false,
                    "ignore_vines": true,
                    "minimum_size": {
                      "limit": 1,
                      "lower_size": 0,
                      "upper_size": 0,
                      "type": "minecraft:two_layers_feature_size"
                    },
                    "trunk_placer": {
                      "base_height": 13,
                      "height_rand_a": 2,
                      "height_rand_b": 2,
                      "type": "minecraft:straight_trunk_placer"
                    },
                    "trunk_provider": {
                      "state": {
                        "Name": "minecraft:spruce_log",
                        "Properties": {
                          "axis": "y"
                        }
                      },
                      "type": "minecraft:simple_state_provider"
                    }
                  },
                  "type": "minecraft:tree"
                },
                "placement": [
                  {
                    "predicate": {
                      "type": "minecraft:replaceable"
                    },
                    "type": "minecraft:block_predicate_filter"
                  }
                ]
              },
              {
                "feature": "arboria_saplings:spruce/roots/2",
                "placement": [
                  {
                    "predicate": {
                      "blocks": "minecraft:spruce_log",
                      "type": "minecraft:matching_blocks"
                    },
                    "type": "minecraft:block_predicate_filter"
                  }
                ]
              }
            ]
          },
          "type": "minecraft:simple_random_selector"
        },
        "placement": [
          {
            "predicate": {
              "state": {
                "Name": "minecraft:spruce_sapling",
                "Properties": {
                  "stage": "0"
                }
              },
              "type": "minecraft:would_survive"
            },
            "type": "minecraft:block_predicate_filter"
          },
          {
            "count": 32,
            "type": "minecraft:count"
          }
        ]
      }
    ]
  },
  "type": "minecraft:simple_random_selector"
}